Layer,Name,GEOID,Population,Longitude,Latitude,EKW_2024,INC_2019-2023,CZM_2023,EDB_2019-2023
Census tract,Tract 101,17031010100,4905,-87.66983010,42.02125530,12.83,69459.99999999999,178.0,92.35777930089102
Census tract,Tract 102.01,17031010201,6939,-87.68014840,42.01600770,15.0,49638.99999999999,196.0,80.82444626743232
Census tract,Tract 102.02,17031010202,2742,-87.67332560,42.01604760,15.83,55118.99999999999,390.0,89.01322482197355
Census tract,Tract 103,17031010300,6305,-87.66653930,42.01594310,15.04,65870.99999999999,232.0,90.92112729336108
Census tract,Tract 104,17031010400,5079,-87.65881570,42.00641090,14.5,49017.0,207.0,99.24332935085624
Census tract,Tract 105.01,17031010501,4206,-87.66395830,42.00941190,13.44,48249.99999999999,129.0,99.20027816411682
Census tract,Tract 105.02,17031010502,3278,-87.66332730,42.00451730,14.33,61366.99999999999,80.0,92.4908424908425
Census tract,Tract 105.03,17031010503,2565,-87.66312620,42.00032070,16.08,21924.0,136.0,87.20103425985779
Census tract,Tract 106,17031010600,6225,-87.66768300,42.00627740,14.5,71920.0,267.0,92.85714285714286
Census tract,Tract 107.01,17031010701,3673,-87.67862040,42.00914820,12.83,74208.0,98.0,86.57718120805369
Census tract,Tract 107.02,17031010702,4776,-87.67272570,42.00901990,15.12,58288.99999999999,138.0,81.3738019169329
Census tract,Tract 201,17031020100,4202,-87.68711690,42.01572100,13.92,69849.99999999999,108.0,85.8459512837393
Census tract,Tract 202,17031020200,7128,-87.69951910,42.01569030,16.17,115559.0,122.0,87.48868778280543
Census tract,Tract 203.01,17031020301,5261,-87.70518650,42.00686510,14.11,76327.0,89.0,98.02941176470588
Census tract,Tract 203.02,17031020302,5010,-87.69496340,42.00854060,14.72,81562.99999999999,140.0,96.9358442387488
Census tract,Tract 204,17031020400,4435,-87.68591180,42.00848800,13.5,81839.99999999999,123.0,89.03889424622308
Census tract,Tract 205,17031020500,6599,-87.68419820,42.00131290,14.96,46457.99999999999,176.0,80.0536073263346
Census tract,Tract 206.01,17031020601,6699,-87.70180250,42.00087460,15.11,62015.0,119.0,81.09195402298852
Census tract,Tract 206.02,17031020602,4662,-87.69363730,42.00131560,13.38,87804.0,111.0,83.03724928366762
Census tract,Tract 207.01,17031020701,1879,-87.70368970,41.98689150,16.33,101249.99999999999,46.0,89.42528735632183
Census tract,Tract 207.02,17031020702,7717,-87.70489390,41.99412560,14.75,76812.0,207.0,76.0942760942761
Census tract,Tract 208.01,17031020801,5648,-87.69441490,41.98680810,14.54,73151.0,116.0,92.77412834765032
Census tract,Tract 208.02,17031020802,7546,-87.69463060,41.99405920,14.5,70044.0,163.0,70.31888798037612
Census tract,Tract 209.01,17031020901,5848,-87.68547360,41.99439220,13.22,52377.99999999999,154.0,77.35235235235236
Census tract,Tract 209.02,17031020902,4488,-87.67868410,41.99425850,14.5,47963.0,141.0,85.89251439539348
Census tract,Tract 301.01,17031030101,3687,-87.65487900,41.99105380,12.83,49131.99999999999,129.0,94.74587912087912
Census tract,Tract 301.02,17031030102,3121,-87.65502250,41.99302640,11.61,59621.99999999999,89.0,85.45845272206304
Census tract,Tract 301.03,17031030103,2104,-87.65515270,41.99552410,12.08,55651.0,45.0,87.74761555392516
Census tract,Tract 301.04,17031030104,3521,-87.65598640,41.99727730,8.58,47329.99999999999,40.0,93.75506893755067
Census tract,Tract 302,17031030200,5627,-87.66523000,41.99444140,16.0,103757.99999999999,234.0,94.30748543254144
Census tract,Tract 303,17031030300,3148,-87.67253480,41.99438750,14.83,67142.99999999999,73.0,88.27722772277228
Census tract,Tract 304,17031030400,2597,-87.67207880,41.98695150,16.5,97441.99999999999,56.0,97.8194505015264
Census tract,Tract 305,17031030500,6183,-87.66493590,41.98722600,15.29,123463.99999999999,238.0,96.38508371385085
Census tract,Tract 306.01,17031030601,3293,-87.65460870,41.98897160,11.28,51136.0,95.0,94.73496976165066
Census tract,Tract 306.03,17031030603,2045,-87.65839790,41.98547620,10.58,54415.0,107.0,93.60328638497651
Census tract,Tract 306.04,17031030604,3737,-87.65245460,41.98587070,10.86,51031.99999999999,37.0,92.68088665830196
Census tract,Tract 307.01,17031030701,1671,-87.65796590,41.98274530,12.67,51625.0,76.0,94.29024583663758
Census tract,Tract 307.02,17031030702,2318,-87.65452860,41.98081480,12.46,60132.99999999999,,97.52650176678446
Census tract,Tract 307.03,17031030703,3075,-87.65787080,41.97887490,13.94,68861.0,185.0,91.86401833460656
Census tract,Tract 307.06,17031030706,2933,-87.65091550,41.98041510,13.58,50430.99999999999,76.0,93.7888198757764
Census tract,Tract 308,17031030800,4284,-87.66418800,41.97991230,15.12,96719.0,80.0,93.28992072480182
Census tract,Tract 309,17031030900,2952,-87.67144540,41.97979510,17.38,97375.0,138.0,95.57836557441767
Census tract,Tract 310,17031031000,3868,-87.67110940,41.97243700,15.28,117113.99999999999,103.0,97.71088115396677
Census tract,Tract 311,17031031100,4691,-87.66386620,41.97266840,15.56,83352.0,108.0,97.96668299853012
Census tract,Tract 312,17031031200,5541,-87.65734100,41.97270920,15.04,27869.0,284.0,80.05191693290735
Census tract,Tract 313,17031031300,6719,-87.64652980,41.97376460,13.6,65617.0,137.0,92.85257435241444
Census tract,Tract 314,17031031400,5221,-87.64240950,41.95844750,14.28,87499.99999999999,300.0,98.22499400335812
Census tract,Tract 315.01,17031031501,4155,-87.65243430,41.96728860,13.33,51731.0,111.0,79.93759750390016
Census tract,Tract 315.02,17031031502,4712,-87.65236560,41.96363260,12.0,47674.0,113.0,87.09774436090225
Census tract,Tract 317,17031031700,6294,-87.66319540,41.96544660,14.62,82773.99999999999,211.0,96.04899249308572
Census tract,Tract 318,17031031800,1910,-87.67062090,41.96701140,17.0,86158.99999999999,52.0,97.9852249832102
Census tract,Tract 319,17031031900,2522,-87.67018410,41.96337400,14.25,92207.99999999999,116.0,95.906432748538
Census tract,Tract 321,17031032100,7543,-87.65301790,41.95815380,14.4,71804.0,287.0,91.01968945093644
Census tract,Tract 401,17031040100,3905,-87.68288560,41.98562230,16.33,94318.0,111.0,95.14963880288958
Census tract,Tract 402.01,17031040201,6408,-87.69400050,41.97258040,15.17,103408.99999999999,203.0,97.94754846066137
Census tract,Tract 402.02,17031040202,7318,-87.69409600,41.97985490,15.08,62500.0,167.0,84.46360153256704
Census tract,Tract 403,17031040300,2928,-87.70198320,41.97694370,14.89,79896.0,45.0,89.8297284859641
Census tract,Tract 404.01,17031040401,3129,-87.68608160,41.97206670,15.33,103749.99999999999,94.0,91.83752417794972
Census tract,Tract 404.02,17031040402,4746,-87.67881810,41.97254500,15.07,94541.0,139.0,97.78305621536023
Census tract,Tract 406,17031040600,2530,-87.68401800,41.96683380,16.67,90921.0,116.0,95.52864462040056
Census tract,Tract 407,17031040700,3426,-87.69406820,41.96743140,14.67,109205.0,65.0,96.2907455976021
Census tract,Tract 408,17031040800,1636,-87.69182130,41.96397400,15.92,110179.0,33.0,98.78345498783456
Census tract,Tract 409,17031040900,2063,-87.68385440,41.96318470,15.67,92167.0,51.0,99.11783238815374
Census tract,Tract 501,17031050100,2568,-87.67637300,41.95784510,18.08,114062.99999999999,64.0,97.48931623931624
Census tract,Tract 502,17031050200,5309,-87.68371680,41.95774050,17.22,124166.99999999999,133.0,95.6096196868009
Census tract,Tract 503,17031050300,2671,-87.69044420,41.95788510,15.5,166680.99999999997,64.0,97.64529058116231
Census tract,Tract 505,17031050500,5117,-87.68350730,41.95044740,15.43,144249.99999999997,92.0,98.37805956944854
Census tract,Tract 506,17031050600,2443,-87.67618240,41.95054770,16.5,114940.0,86.0,100.0
Census tract,Tract 507,17031050700,1513,-87.67605950,41.94507100,15.67,130698.99999999999,32.0,98.21905609973284
Census tract,Tract 508,17031050800,1406,-87.68092790,41.94500950,16.0,157813.0,21.0,96.2085308056872
Census tract,Tract 509,17031050900,1426,-87.68577800,41.94494660,15.83,136053.0,39.0,96.41255605381166
Census tract,Tract 510,17031051000,1538,-87.68573170,41.94130240,17.83,184464.0,39.0,97.52475247524752
Census tract,Tract 511,17031051100,1599,-87.68082660,41.94136520,17.67,181826.99999999997,31.0,97.45173745173746
Census tract,Tract 512,17031051200,1581,-87.67595360,41.94142240,16.5,174598.0,46.0,98.77515310586176
Census tract,Tract 513,17031051300,2907,-87.67583950,41.93599710,16.29,199890.0,40.0,98.74279727606076
Census tract,Tract 514,17031051400,2492,-87.68095940,41.93544200,15.42,150356.99999999997,74.0,95.82637729549248
Census tract,Tract 601,17031060100,2830,-87.66661120,41.95753110,15.17,145313.0,58.0,99.17770671539516
Census tract,Tract 602,17031060200,2313,-87.67151750,41.95790360,14.75,91081.0,53.0,98.62334801762115
Census tract,Tract 603,17031060300,3076,-87.67133270,41.95060490,17.08,139306.0,52.0,98.65168539325845
Census tract,Tract 604,17031060400,3709,-87.66653640,41.95067310,16.33,154037.99999999997,93.0,99.21660791226007
Census tract,Tract 605,17031060500,1374,-87.66050080,41.95272000,16.5,60986.99999999999,36.0,87.46048472075869
Census tract,Tract 608,17031060800,5295,-87.64264890,41.95395900,13.11,83534.0,80.0,98.52104664391354
Census tract,Tract 609,17031060900,7104,-87.64177840,41.95151660,12.17,86986.99999999999,309.0,98.62444017914268
Census tract,Tract 610,17031061000,2279,-87.65197030,41.94922060,15.67,116499.99999999999,100.0,92.09215442092156
Census tract,Tract 611,17031061100,1367,-87.65680350,41.94913980,15.5,123749.99999999999,133.0,100.0
Census tract,Tract 612,17031061200,1932,-87.66164270,41.94905990,15.83,118397.99999999999,34.0,95.73426573426572
Census tract,Tract 615,17031061500,1797,-87.66154470,41.94528180,16.83,126100.99999999999,39.0,99.6565934065934
Census tract,Tract 618,17031061800,1051,-87.64711470,41.94649010,15.0,76393.0,44.0,100.0
Census tract,Tract 619.01,17031061901,3625,-87.64346790,41.94323050,13.25,67063.0,128.0,99.30394431554524
Census tract,Tract 619.02,17031061902,4665,-87.63906450,41.94669850,12.62,92011.0,78.0,99.0887789638115
Census tract,Tract 620,17031062000,2843,-87.64707860,41.94257690,14.5,133513.99999999997,104.0,99.04545454545456
Census tract,Tract 621,17031062100,3817,-87.65177040,41.94269140,15.11,92312.99999999999,442.0,99.17290271760535
Census tract,Tract 622,17031062200,3244,-87.65664400,41.94258470,15.08,172841.0,164.0,98.32324173265022
Census tract,Tract 623,17031062300,1667,-87.66144320,41.94162780,17.0,244285.99999999997,26.0,99.67880085653104
Census tract,Tract 624,17031062400,1673,-87.66628820,41.94155560,18.0,158542.0,101.0,94.95192307692308
Census tract,Tract 625,17031062500,1675,-87.67110730,41.94148800,19.67,169916.99999999997,50.0,97.4088291746641
Census tract,Tract 626,17031062600,2477,-87.67098430,41.93597510,18.5,177044.99999999997,33.0,98.47619047619048
Census tract,Tract 627,17031062700,2955,-87.66611030,41.93608620,17.94,136666.99999999997,101.0,98.2316534040672
Census tract,Tract 628,17031062800,3851,-87.66126480,41.93615860,15.94,166741.0,58.0,98.8984088127295
Census tract,Tract 629,17031062900,4125,-87.65641130,41.93623700,16.28,181429.0,87.0,100.0
Census tract,Tract 630,17031063000,3417,-87.65156170,41.93631020,14.72,103250.0,273.0,97.42857142857144
Census tract,Tract 631,17031063100,2376,-87.64677990,41.93823190,17.25,97347.0,79.0,96.75952245594088
Census tract,Tract 632,17031063200,6900,-87.63467260,41.93892310,13.08,77182.99999999999,185.0,99.43108827307763
Census tract,Tract 633.01,17031063301,2833,-87.64302390,41.93454070,12.61,69188.0,70.0,95.76695493855256
Census tract,Tract 633.02,17031063302,4577,-87.63985400,41.93476470,9.83,96363.99999999999,86.0,98.83785279468734
Census tract,Tract 633.03,17031063303,1274,-87.63466130,41.93473120,16.33,104813.0,39.0,97.74058577405856
Census tract,Tract 634,17031063400,2417,-87.64673000,41.93465960,15.75,116764.99999999999,130.0,99.29802169751116
Census tract,Tract 701.01,17031070101,4171,-87.63232470,41.92952250,12.83,96944.0,156.0,97.04713231118684
Census tract,Tract 701.02,17031070102,3063,-87.64220200,41.93058280,16.11,106062.0,177.0,99.19559695173582
Census tract,Tract 701.03,17031070103,1845,-87.64260510,41.92681100,15.75,76477.0,72.0,100.0
Census tract,Tract 702,17031070200,4200,-87.64629300,41.92907770,15.44,101991.99999999999,192.0,98.83521754025352
Census tract,Tract 703,17031070300,4349,-87.65131030,41.92904620,17.67,178750.0,119.0,100.0
Census tract,Tract 704,17031070400,3250,-87.65615630,41.92896720,15.94,205771.99999999997,71.0,93.266951161688
Census tract,Tract 705,17031070500,3322,-87.66089220,41.92894550,15.33,194407.99999999997,58.0,97.4370112945265
Census tract,Tract 706,17031070600,3449,-87.66567660,41.92876270,15.67,210469.0,48.0,97.6491862567812
Census tract,Tract 707,17031070700,3699,-87.67410380,41.93065210,17.0,146806.0,150.0,94.72073450650343
Census tract,Tract 710,17031071000,4357,-87.65591140,41.92170110,16.0,186517.99999999997,84.0,99.50873362445417
Census tract,Tract 711,17031071100,3091,-87.65106140,41.92177780,16.92,212677.0,124.0,100.0
Census tract,Tract 712,17031071200,2973,-87.64621060,41.92185470,17.17,131162.99999999997,128.0,98.4020618556701
Census tract,Tract 713,17031071300,3893,-87.64145780,41.92177940,16.08,127082.99999999999,134.0,99.83938323160938
Census tract,Tract 714,17031071400,4962,-87.62952590,41.92272550,16.5,123069.99999999999,131.0,96.42659279778394
Census tract,Tract 715,17031071500,6282,-87.62509230,41.91424150,16.06,123663.0,228.0,99.67407975460122
Census tract,Tract 716,17031071600,1793,-87.64118230,41.91647220,17.0,242250.0,34.0,98.53574504737296
Census tract,Tract 717,17031071700,1660,-87.64107170,41.91286660,15.08,149820.99999999997,45.0,98.55855855855856
Census tract,Tract 718,17031071800,2652,-87.64596600,41.91458550,15.92,232806.99999999997,88.0,95.96613545816732
Census tract,Tract 801,17031080100,6388,-87.62679000,41.90754870,12.93,116982.99999999999,79.0,98.61431870669746
Census tract,Tract 802.01,17031080201,3375,-87.63100510,41.90949760,13.78,118416.99999999999,44.0,99.63272120200334
Census tract,Tract 802.02,17031080202,4225,-87.63090100,41.90585890,16.33,104128.99999999999,147.0,99.58937859293732
Census tract,Tract 803,17031080300,5499,-87.63579870,41.90748990,16.08,157881.99999999997,229.0,98.92520289537178
Census tract,Tract 804,17031080400,4569,-87.64090150,41.90741230,15.11,,114.0,90.03368893879843
Census tract,Tract 810,17031081000,8746,-87.63210890,41.90026550,16.5,81616.0,249.0,94.9181080667381
Census tract,Tract 811,17031081100,4187,-87.62910490,41.90022110,16.5,79682.99999999999,130.0,97.7632805219012
Census tract,Tract 812.01,17031081201,5080,-87.62621200,41.89915380,15.83,134245.99999999997,307.0,99.71809328549462
Census tract,Tract 812.02,17031081202,3357,-87.62423740,41.90437690,13.38,158100.0,75.0,100.0
Census tract,Tract 813,17031081300,5540,-87.62075310,41.89833540,13.97,115259.99999999999,225.0,99.14057704112952
Census tract,Tract 814.01,17031081401,2508,-87.61971750,41.89503470,14.0,82364.99999999999,310.0,100.0
Census tract,Tract 814.02,17031081402,7052,-87.61293100,41.89102150,16.22,166824.0,165.0,98.98291293734744
Census tract,Tract 814.03,17031081403,9843,-87.62095600,41.89299080,17.06,117549.99999999999,568.0,98.24295285046138
Census tract,Tract 815,17031081500,5917,-87.62607870,41.89290640,17.0,141780.0,765.0,100.0
Census tract,Tract 816,17031081600,4168,-87.62887080,41.89205720,14.58,140322.99999999997,298.0,99.46160385378296
Census tract,Tract 817,17031081700,5537,-87.63183160,41.89221850,18.17,134579.0,786.0,99.66185752930568
Census tract,Tract 818,17031081800,11373,-87.63918950,41.89332430,18.5,157238.0,516.0,99.19203307027432
Census tract,Tract 819,17031081900,1325,-87.64148700,41.89799000,13.33,238250.0,32.0,96.42857142857144
Census tract,Tract 901,17031090100,3585,-87.81358720,42.01525520,15.29,136463.0,24.0,98.706732597946
Census tract,Tract 902,17031090200,6626,-87.81309610,42.00559400,16.3,129786.99999999999,41.0,97.91802212101496
Census tract,Tract 903,17031090300,1314,-87.81636440,41.99911270,16.46,117768.0,13.0,99.39086294416244
Census tract,Tract 1001,17031100100,5538,-87.78301360,41.98958400,15.67,109241.99999999999,97.0,96.81628392484345
Census tract,Tract 1002,17031100200,7024,-87.79425890,41.99577340,15.55,113767.0,83.0,95.28764971529552
Census tract,Tract 1003,17031100300,6252,-87.80425970,41.98873300,14.1,74250.0,71.0,93.63577725220382
Census tract,Tract 1004,17031100400,3207,-87.81804110,41.98896870,13.72,144125.0,17.0,93.06209850107066
Census tract,Tract 1005,17031100500,6116,-87.81973140,41.97804530,14.89,117582.99999999999,82.0,90.20881670533645
Census tract,Tract 1006,17031100600,4897,-87.79740070,41.97920490,16.12,84895.99999999999,70.0,91.09610070617131
Census tract,Tract 1007,17031100700,4967,-87.79762950,41.97212350,13.73,131932.0,64.0,90.35386631716908
Census tract,Tract 1101,17031110100,5568,-87.76967290,41.98747560,16.07,94140.99999999999,74.0,90.9619578386237
Census tract,Tract 1102,17031110200,2772,-87.77344420,41.98006990,17.67,66429.0,57.0,87.88833858622243
Census tract,Tract 1103,17031110300,5348,-87.78323490,41.97529070,15.2,122651.99999999999,104.0,94.85981308411216
Census tract,Tract 1104,17031110400,4522,-87.77261140,41.97295360,15.89,85825.0,87.0,92.47774906689637
Census tract,Tract 1105.01,17031110501,4786,-87.76192490,41.97700230,15.17,104847.99999999999,86.0,92.92955549779047
Census tract,Tract 1105.02,17031110502,3220,-87.75985230,41.97028650,17.92,80762.0,121.0,92.6361143752448
Census tract,Tract 1201,17031120100,4402,-87.77500650,42.00198170,15.08,157543.0,30.0,97.59519038076152
Census tract,Tract 1202,17031120200,4748,-87.75761080,41.99453190,15.75,155480.99999999997,67.0,96.71419714817112
Census tract,Tract 1203,17031120300,6920,-87.74006600,41.99111220,14.64,137043.0,89.0,96.70374948496084
Census tract,Tract 1204,17031120400,3526,-87.75216240,41.97723540,15.28,117403.99999999999,70.0,92.4563359345968
Census tract,Tract 1301,17031130100,5205,-87.72080890,41.99110400,14.61,41336.0,124.0,92.57454128440368
Census tract,Tract 1302,17031130200,1403,-87.73757330,41.98183780,15.0,103611.0,144.0,93.67866549604916
Census tract,Tract 1303,17031130300,5083,-87.71339150,41.98655890,15.17,69856.99999999999,124.0,87.13009491903965
Census tract,Tract 1401,17031140100,3464,-87.70580500,41.97120140,13.42,92594.99999999999,32.0,85.12433392539964
Census tract,Tract 1402,17031140200,5834,-87.71300430,41.97069490,15.5,68875.0,99.0,77.86051129312484
Census tract,Tract 1403.01,17031140301,2693,-87.72316950,41.96920550,15.92,71647.99999999999,63.0,57.4826560951437
Census tract,Tract 1403.02,17031140302,4060,-87.72375610,41.97249380,13.72,75805.99999999999,52.0,78.56886012225817
Census tract,Tract 1404,17031140400,6503,-87.73894290,41.97153710,13.73,98818.99999999999,197.0,90.24446494464944
Census tract,Tract 1405,17031140500,3451,-87.73183190,41.96536190,16.61,70598.0,105.0,86.13778705636743
Census tract,Tract 1406.01,17031140601,2545,-87.72589090,41.96464710,14.5,81833.0,41.0,75.24213075060533
Census tract,Tract 1406.02,17031140602,5041,-87.72101660,41.96465200,13.5,67321.0,103.0,86.00198085176626
Census tract,Tract 1407.01,17031140701,2784,-87.71265240,41.96703750,16.17,107790.0,99.0,76.56405163853029
Census tract,Tract 1407.02,17031140702,5535,-87.71357530,41.96354820,14.29,78788.99999999999,110.0,76.22167622167623
Census tract,Tract 1408,17031140800,6486,-87.70284690,41.96451440,15.57,100249.99999999999,161.0,90.79685746352412
Census tract,Tract 1502,17031150200,7434,-87.75241310,41.96067470,15.8,94020.99999999999,173.0,85.94543744120415
Census tract,Tract 1503,17031150300,7120,-87.76228590,41.96051790,15.4,88124.99999999999,165.0,93.79952456418384
Census tract,Tract 1504.01,17031150401,4681,-87.77226480,41.96456760,16.08,93615.99999999999,91.0,86.19791666666666
Census tract,Tract 1504.02,17031150402,3831,-87.77204360,41.95679790,15.83,102093.99999999999,163.0,87.60763758891801
Census tract,Tract 1505.01,17031150501,3823,-87.78196390,41.96447620,12.44,126806.0,66.0,96.4131994261119
Census tract,Tract 1505.02,17031150502,4239,-87.78184140,41.95677840,15.39,69868.99999999999,56.0,90.67674586033118
Census tract,Tract 1506,17031150600,3882,-87.77175780,41.94947310,13.96,95044.99999999999,86.0,94.51802796173658
Census tract,Tract 1507,17031150700,4429,-87.76195800,41.94959150,15.21,108385.0,120.0,91.31378935939196
Census tract,Tract 1508,17031150800,4903,-87.75211820,41.94970860,13.27,79044.0,111.0,83.45410628019324
Census tract,Tract 1510.01,17031151001,2833,-87.75435270,41.94238260,12.0,91991.99999999999,58.0,77.85507246376811
Census tract,Tract 1510.02,17031151002,4588,-87.74715540,41.94249170,14.62,78850.99999999999,190.0,84.35374149659864
Census tract,Tract 1511,17031151100,5140,-87.76171750,41.94229030,16.0,76864.0,125.0,87.46116916125388
Census tract,Tract 1512,17031151200,3880,-87.77149530,41.94216900,14.89,92201.0,94.0,88.65797816132441
Census tract,Tract 1601,17031160100,2444,-87.74279560,41.96462820,16.08,111602.0,57.0,92.14517876489708
Census tract,Tract 1602,17031160200,3278,-87.73839810,41.95879310,13.88,128287.99999999999,63.0,96.16026711185307
Census tract,Tract 1603,17031160300,3769,-87.73089580,41.95726810,13.72,76082.99999999999,116.0,87.57718852161278
Census tract,Tract 1604,17031160400,4854,-87.72282380,41.95736570,15.11,72592.99999999999,128.0,87.96221322537112
Census tract,Tract 1605.01,17031160501,3703,-87.71297320,41.95920980,13.5,76513.99999999999,106.0,81.97456993268511
Census tract,Tract 1605.02,17031160502,3300,-87.71308760,41.95558410,14.89,85499.99999999999,82.0,83.02231979509696
Census tract,Tract 1606.01,17031160601,3380,-87.70329360,41.95939800,15.61,74310.0,57.0,95.16616314199396
Census tract,Tract 1606.02,17031160602,3481,-87.70046350,41.95668140,14.75,96323.99999999999,97.0,92.35159817351598
Census tract,Tract 1607,17031160700,5766,-87.70213470,41.95121770,15.33,89530.99999999999,106.0,82.43388518598151
Census tract,Tract 1608,17031160800,4997,-87.71281460,41.95021310,16.13,83148.0,175.0,75.2876712328767
Census tract,Tract 1609,17031160900,2410,-87.72260820,41.95008210,15.92,116062.99999999999,70.0,96.64466446644664
Census tract,Tract 1610,17031161000,1899,-87.73068290,41.94997660,16.5,113286.99999999999,61.0,96.24505928853756
Census tract,Tract 1611,17031161100,1940,-87.73815500,41.94988000,14.85,153749.99999999997,54.0,95.46468401486987
Census tract,Tract 1612,17031161200,2820,-87.73857010,41.94254890,15.5,76797.0,56.0,88.22942643391521
Census tract,Tract 1613,17031161300,3899,-87.73100230,41.94269940,16.33,58425.0,118.0,85.60634680770683
Census tract,Tract 1701,17031170100,2034,-87.79481680,41.95585960,17.0,41699.0,74.0,86.33504859919954
Census tract,Tract 1702,17031170200,3812,-87.78151880,41.94935280,14.28,90624.99999999999,72.0,93.82716049382717
Census tract,Tract 1703,17031170300,5216,-87.79682780,41.94912480,13.8,95328.0,108.0,87.98790544255085
Census tract,Tract 1704,17031170400,4141,-87.81271070,41.94890810,14.79,105523.99999999999,67.0,88.0053908355795
Census tract,Tract 1705,17031170500,5316,-87.82889570,41.95007790,13.12,85394.99999999999,49.0,92.87866337989593
Census tract,Tract 1706,17031170600,2551,-87.83070160,41.94129430,13.25,78187.0,32.0,89.20704845814979
Census tract,Tract 1707,17031170700,3068,-87.82216400,41.94148660,13.72,82284.0,35.0,83.14953683281871
Census tract,Tract 1708,17031170800,3799,-87.81237130,41.94157610,14.78,71897.0,59.0,87.7948717948718
Census tract,Tract 1709,17031170900,1662,-87.81160570,41.93619580,16.33,61770.99999999999,14.0,88.42845973416732
Census tract,Tract 1710,17031171000,7313,-87.79652380,41.94180720,15.11,82789.99999999999,161.0,95.62135112593828
Census tract,Tract 1711,17031171100,4235,-87.78128650,41.94205280,14.44,94829.99999999999,100.0,77.85888077858881
Census tract,Tract 1801,17031180100,6656,-87.79863170,41.93448510,15.1,97301.0,126.0,88.31061544816193
Census tract,Tract 1901,17031190100,2325,-87.74438890,41.93521760,12.0,53716.99999999999,137.0,67.09956709956711
Census tract,Tract 1902,17031190200,5652,-87.75164890,41.93511360,14.12,82550.99999999999,137.0,81.17895849854612
Census tract,Tract 1903,17031190300,5738,-87.76146350,41.93498640,15.0,68281.0,123.0,76.33416458852868
Census tract,Tract 1904.01,17031190401,4325,-87.78095240,41.93472760,16.33,104230.99999999999,88.0,76.48432288192129
Census tract,Tract 1904.02,17031190402,5294,-87.77123180,41.93485960,15.58,60316.0,188.0,67.65255292652553
Census tract,Tract 1906.01,17031190601,4382,-87.78046060,41.92741460,14.44,73607.0,68.0,56.418554476806904
Census tract,Tract 1906.02,17031190602,5378,-87.77073710,41.92756040,14.0,73315.0,96.0,81.61512027491409
Census tract,Tract 1907.01,17031190701,2972,-87.76142170,41.92979590,12.58,67868.0,87.0,79.72405518896221
Census tract,Tract 1907.02,17031190702,4952,-87.76103950,41.92616310,14.06,65551.0,92.0,55.49267643142477
Census tract,Tract 1908,17031190800,6831,-87.75136240,41.92781860,14.23,56310.99999999999,145.0,74.05954304177244
Census tract,Tract 1909,17031190900,1927,-87.74410480,41.92792250,14.5,64375.0,79.0,79.46345975948196
Census tract,Tract 1910,17031191000,2422,-87.74380100,41.91922970,16.42,66632.0,42.0,62.77084701247537
Census tract,Tract 1911,17031191100,7533,-87.75097630,41.91962930,15.36,53682.99999999999,257.0,59.77991746905089
Census tract,Tract 1912,17031191200,3810,-87.76082690,41.92014320,16.0,64687.99999999999,100.0,53.41061078912171
Census tract,Tract 1913.01,17031191301,5214,-87.78026550,41.92015220,14.56,65240.0,78.0,70.91243110838946
Census tract,Tract 1913.02,17031191302,4940,-87.77053340,41.92022890,15.42,58207.99999999999,152.0,57.55265068990559
Census tract,Tract 2001,17031200100,4118,-87.73762260,41.93505520,14.22,72417.0,125.0,80.81180811808119
Census tract,Tract 2002,17031200200,5162,-87.73562820,41.92785230,13.92,65599.0,116.0,70.68858560794044
Census tract,Tract 2003,17031200300,2015,-87.73412640,41.92348060,14.17,39739.99999999999,81.0,82.16258879242304
Census tract,Tract 2004.01,17031200401,3743,-87.73754190,41.91982850,13.25,73384.0,77.0,71.9672131147541
Census tract,Tract 2004.02,17031200402,4192,-87.72967890,41.91963480,13.56,77090.99999999999,92.0,68.55563234277817
Census tract,Tract 2101,17031210100,4066,-87.70054420,41.94465710,17.22,115704.99999999999,160.0,89.73119903352462
Census tract,Tract 2104,17031210400,2912,-87.73030570,41.93574500,13.75,64664.99999999999,80.0,79.62962962962963
Census tract,Tract 2105.01,17031210501,3555,-87.72233010,41.93740130,17.25,74885.99999999999,119.0,80.77272727272728
Census tract,Tract 2105.02,17031210502,4099,-87.72205240,41.93378460,15.11,79856.99999999999,90.0,83.10502283105022
Census tract,Tract 2106.01,17031210601,2717,-87.71221400,41.93763560,13.67,90357.0,37.0,80.0571156592099
Census tract,Tract 2106.02,17031210602,4148,-87.71257200,41.93416300,15.06,93589.0,139.0,78.99891186071817
Census tract,Tract 2107,17031210700,3907,-87.70384010,41.93570290,14.0,100151.0,59.0,95.27326440177252
Census tract,Tract 2108,17031210800,986,-87.69893340,41.93574550,18.0,92374.99999999999,35.0,86.95106649937264
Census tract,Tract 2109,17031210900,3170,-87.69311820,41.93483720,16.08,106082.99999999999,56.0,95.55745407945324
Census tract,Tract 2203,17031220300,2207,-87.69508630,41.92846470,14.67,94653.99999999999,46.0,96.57924743443556
Census tract,Tract 2204,17031220400,2579,-87.69996840,41.92843140,16.0,124613.0,118.0,96.00389863547758
Census tract,Tract 2205,17031220500,2751,-87.70498770,41.92833430,15.99,107856.99999999999,209.0,96.76044330775788
Census tract,Tract 2206.01,17031220601,1635,-87.71288360,41.92582520,15.0,130500.0,71.0,96.73105497771174
Census tract,Tract 2206.02,17031220602,4877,-87.71208600,41.92939600,15.77,71206.99999999999,158.0,93.1858407079646
Census tract,Tract 2207.01,17031220701,2920,-87.72156510,41.92615540,13.06,79948.0,90.0,84.82693219535324
Census tract,Tract 2207.02,17031220702,3653,-87.72423130,41.92936870,14.92,80452.0,129.0,91.07455372768638
Census tract,Tract 2209.01,17031220901,2903,-87.72124830,41.91918160,13.61,83681.0,66.0,83.89057750759878
Census tract,Tract 2209.02,17031220902,2959,-87.72183570,41.92271120,15.0,78303.99999999999,87.0,86.49439297903461
Census tract,Tract 2210,17031221000,2432,-87.71525260,41.92096040,13.58,89043.99999999999,88.0,85.36960985626283
Census tract,Tract 2211,17031221100,4440,-87.71036090,41.92102050,14.89,96513.99999999999,114.0,93.1806073521577
Census tract,Tract 2212,17031221200,2954,-87.70464990,41.92108310,17.08,126481.0,130.0,93.83620689655172
Census tract,Tract 2213,17031221300,3062,-87.69975410,41.92112560,17.28,87431.99999999999,167.0,89.35587026039288
Census tract,Tract 2214,17031221400,3385,-87.69453200,41.92080130,17.06,108788.99999999999,219.0,95.54455445544554
Census tract,Tract 2215,17031221500,2909,-87.68995130,41.92164680,16.75,72292.0,101.0,87.12406015037594
Census tract,Tract 2216,17031221600,3159,-87.68509710,41.92124780,16.29,138152.0,106.0,95.81064097193128
Census tract,Tract 2222,17031222200,2156,-87.68382620,41.91590950,17.33,188064.99999999997,80.0,98.9176187612748
Census tract,Tract 2225,17031222500,1415,-87.69958740,41.91568250,15.38,155877.99999999997,50.0,97.6401179941003
Census tract,Tract 2226,17031222600,1599,-87.70447980,41.91563880,16.0,94687.99999999999,47.0,89.43022295623452
Census tract,Tract 2227,17031222700,2082,-87.71020580,41.91550090,14.83,86473.0,67.0,87.0900209351012
Census tract,Tract 2228,17031222800,960,-87.71509530,41.91543490,13.83,71484.0,35.0,84.29003021148036
Census tract,Tract 2229,17031222900,1089,-87.72007440,41.91556440,16.33,89630.0,70.0,88.05120910384068
Census tract,Tract 2301,17031230100,1504,-87.70436550,41.91200800,14.33,89772.99999999999,44.0,90.25270758122744
Census tract,Tract 2302,17031230200,1834,-87.71008440,41.91186880,16.33,78056.0,110.0,83.28380386329867
Census tract,Tract 2303,17031230300,956,-87.71498840,41.91178660,11.83,67337.0,52.0,72.46376811594203
Census tract,Tract 2304,17031230400,2235,-87.72155190,41.91182020,14.77,91771.0,52.0,84.21052631578947
Census tract,Tract 2305,17031230500,3419,-87.73394340,41.91168920,15.01,35727.0,144.0,71.73438182612495
Census tract,Tract 2306,17031230600,6817,-87.73399860,41.90615500,15.44,57219.99999999999,405.0,62.731871838111296
Census tract,Tract 2307,17031230700,6218,-87.72153970,41.90632290,14.88,33994.0,202.0,76.24671916010499
Census tract,Tract 2308,17031230800,1234,-87.71495300,41.90583960,13.17,71328.0,35.0,79.95283018867924
Census tract,Tract 2309,17031230900,5044,-87.71035050,41.90669180,12.5,80756.0,155.0,82.28742189622386
Census tract,Tract 2311,17031231100,1214,-87.71506840,41.89925420,13.0,59745.0,52.0,77.33026467203682
Census tract,Tract 2312,17031231200,5983,-87.72131530,41.89906140,14.17,31628.999999999996,335.0,78.46153846153847
Census tract,Tract 2315,17031231500,5655,-87.71865250,41.89173570,14.56,31754.999999999996,475.0,73.16469617816882
Census tract,Tract 2402,17031240200,1556,-87.67018160,41.91244170,16.67,172019.0,56.0,91.89016602809708
Census tract,Tract 2403,17031240300,1362,-87.67506770,41.91236930,17.83,142292.0,49.0,98.37232960325534
Census tract,Tract 2405,17031240500,2610,-87.68362670,41.91196830,17.33,178770.0,141.0,98.27331031080412
Census tract,Tract 2406,17031240600,1489,-87.68971110,41.91213410,15.33,166536.99999999997,70.0,94.56603773584904
Census tract,Tract 2407,17031240700,1499,-87.69459860,41.91208780,13.67,96250.0,65.0,88.87973640856673
Census tract,Tract 2408,17031240800,1687,-87.69948760,41.91204830,14.92,103565.0,46.0,95.4778156996587
Census tract,Tract 2409,17031240900,1122,-87.69862330,41.90484480,15.0,98145.0,221.0,91.17647058823528
Census tract,Tract 2410,17031241000,2363,-87.69453420,41.90796860,13.83,96517.99999999999,108.0,90.7641196013289
Census tract,Tract 2411,17031241100,3574,-87.68958010,41.90664030,13.42,90822.0,149.0,94.59651617490223
Census tract,Tract 2412,17031241200,1714,-87.68468570,41.90670700,17.0,139687.99999999997,98.0,94.73684210526316
Census tract,Tract 2413,17031241300,1848,-87.68102500,41.90677160,15.83,182828.99999999997,64.0,98.40277777777776
Census tract,Tract 2414,17031241400,5273,-87.67531370,41.90603120,16.46,200428.99999999997,458.0,96.3666391412056
Census tract,Tract 2415,17031241500,2954,-87.67092980,41.90837400,16.78,178750.0,280.0,98.31435079726651
Census tract,Tract 2416,17031241600,3534,-87.66532770,41.90670970,16.25,121470.99999999999,132.0,99.36779471922648
Census tract,Tract 2420,17031242000,4692,-87.66495360,41.89973710,15.56,151723.99999999997,177.0,94.66529879456272
Census tract,Tract 2421,17031242100,3976,-87.66983750,41.89966980,16.83,205338.0,146.0,99.2662794252522
Census tract,Tract 2422,17031242200,4082,-87.67471880,41.89958930,16.25,168311.0,154.0,96.35894495412845
Census tract,Tract 2423,17031242300,3568,-87.67960030,41.89950650,13.83,106918.99999999999,102.0,94.8835433371516
Census tract,Tract 2424,17031242400,2902,-87.68449000,41.89942190,15.5,110129.0,122.0,98.39655846695346
Census tract,Tract 2425,17031242500,3426,-87.68931910,41.89944550,13.75,93278.99999999999,182.0,91.88416160171612
Census tract,Tract 2426,17031242600,5665,-87.69419700,41.90056000,13.88,85000.0,213.0,85.53567050747732
Census tract,Tract 2427,17031242700,1938,-87.69937420,41.89742540,15.83,80227.0,71.0,87.99185888738128
Census tract,Tract 2428,17031242800,1507,-87.69032370,41.89263200,16.33,165374.99999999997,92.0,90.43336058871628
Census tract,Tract 2429,17031242900,1962,-87.68428960,41.89219550,17.08,124960.0,109.0,93.46103038309114
Census tract,Tract 2430,17031243000,2234,-87.67939810,41.89227530,16.08,123749.99999999999,95.0,98.31045406546993
Census tract,Tract 2431,17031243100,2249,-87.67450680,41.89235460,17.5,107832.99999999999,118.0,93.73902867173786
Census tract,Tract 2432,17031243200,2287,-87.66962380,41.89243270,17.08,124647.99999999999,133.0,95.69160997732426
Census tract,Tract 2433,17031243300,2431,-87.66473880,41.89247810,12.42,122917.0,193.0,91.82519280205656
Census tract,Tract 2434,17031243400,2880,-87.65985400,41.89256600,16.78,113965.99999999999,164.0,96.81050656660412
Census tract,Tract 2435,17031243500,4746,-87.65252270,41.89264940,17.01,169198.0,292.0,99.03846153846156
Census tract,Tract 2502,17031250200,2779,-87.75107300,41.91235080,13.83,45018.99999999999,234.0,79.44191343963554
Census tract,Tract 2503,17031250300,4742,-87.76085280,41.91284830,13.48,64536.99999999999,130.0,63.87058118633912
Census tract,Tract 2504,17031250400,5789,-87.77540580,41.91290500,13.83,47280.99999999999,228.0,81.33535660091047
Census tract,Tract 2505,17031250500,7315,-87.79679600,41.91461800,15.0,120386.0,184.0,90.89898053753475
Census tract,Tract 2506,17031250600,4203,-87.77063030,41.90569350,13.21,81458.0,186.0,87.1917808219178
Census tract,Tract 2507,17031250700,5932,-87.76081280,41.90582060,10.73,50923.99999999999,320.0,76.33856138453218
Census tract,Tract 2508,17031250800,2432,-87.75147410,41.90618550,15.5,65884.0,151.0,78.54227405247813
Census tract,Tract 2510,17031251000,1075,-87.74489240,41.89869450,15.5,35568.0,93.0,72.9113924050633
Census tract,Tract 2511,17031251100,4468,-87.75201120,41.89862480,10.21,40583.99999999999,202.0,73.9629005059022
Census tract,Tract 2512,17031251200,3910,-87.76060400,41.89854910,12.17,64309.0,170.0,73.50318471337579
Census tract,Tract 2513,17031251300,5098,-87.77038490,41.89842510,12.87,42182.0,189.0,84.08071748878923
Census tract,Tract 2514,17031251400,3986,-87.77012480,41.89095740,12.29,21049.0,202.0,85.93183466279913
Census tract,Tract 2515,17031251500,4342,-87.76035380,41.89110350,11.67,47491.0,357.0,77.93807178043632
Census tract,Tract 2516,17031251600,3522,-87.75180370,41.89140650,12.22,34332.0,137.0,84.52860596293313
Census tract,Tract 2517,17031251700,1347,-87.74447930,41.89138440,15.17,57037.0,114.0,84.04494382022472
Census tract,Tract 2518,17031251800,5101,-87.74788850,41.88414360,14.13,36681.0,473.0,86.39377342173537
Census tract,Tract 2519,17031251900,5387,-87.76009450,41.88381160,13.62,35047.0,346.0,86.79133273968537
Census tract,Tract 2520,17031252000,5646,-87.76987980,41.88367590,13.04,30103.0,279.0,80.0266311584554
Census tract,Tract 2521.01,17031252101,1502,-87.76985520,41.87388120,14.83,50138.99999999999,107.0,90.22498060512024
Census tract,Tract 2521.02,17031252102,6187,-87.75982760,41.87659900,13.21,51991.99999999999,305.0,87.83002263012321
Census tract,Tract 2522.01,17031252201,2940,-87.75210510,41.87669580,13.28,45457.99999999999,214.0,85.06944444444444
Census tract,Tract 2522.02,17031252202,4783,-87.74458320,41.87675840,12.7,45839.0,350.0,88.97531281704431
Census tract,Tract 2601,17031260100,1477,-87.72333020,41.88437070,15.17,21874.999999999996,117.0,76.1071060762101
Census tract,Tract 2602,17031260200,1054,-87.72823020,41.88432430,16.83,51125.0,131.0,66.24277456647398
Census tract,Tract 2603,17031260300,1528,-87.73313620,41.88427660,15.5,,115.0,70.84745762711864
Census tract,Tract 2604,17031260400,1398,-87.73804110,41.88421450,15.17,13489.0,101.0,71.96702002355713
Census tract,Tract 2605,17031260500,1833,-87.73772820,41.87666390,13.46,40990.99999999999,120.0,91.26559714795007
Census tract,Tract 2606,17031260600,2114,-87.73286700,41.87710760,11.58,42874.99999999999,190.0,67.67932489451476
Census tract,Tract 2607,17031260700,1691,-87.72799620,41.87705650,13.75,46167.0,210.0,66.56050955414013
Census tract,Tract 2608,17031260800,2271,-87.72309640,41.87708480,14.0,36681.0,201.0,82.98068077276909
Census tract,Tract 2609,17031260900,1778,-87.72281410,41.87102970,13.08,20841.0,99.0,85.40880503144655
Census tract,Tract 2610,17031261000,2289,-87.73200940,41.87133790,14.5,48482.0,162.0,82.87858117326057
Census tract,Tract 2705,17031270500,1619,-87.71779320,41.87624020,15.17,24374.999999999996,207.0,65.78947368421053
Census tract,Tract 2712,17031271200,1172,-87.70356210,41.87735970,16.33,31048.0,156.0,82.43847874720358
Census tract,Tract 2713,17031271300,1060,-87.70845280,41.87730400,13.33,45045.99999999999,142.0,83.74792703150912
Census tract,Tract 2714,17031271400,1535,-87.71333140,41.87724290,15.67,43354.99999999999,117.0,90.72398190045249
Census tract,Tract 2715,17031271500,1373,-87.71315590,41.87178610,14.5,50925.99999999999,75.0,77.3469387755102
Census tract,Tract 2718,17031271800,976,-87.69848970,41.87149640,16.17,51549.99999999999,65.0,87.73584905660378
Census tract,Tract 2801,17031280100,7421,-87.64349770,41.88545200,17.03,148319.0,436.0,99.55984665625444
Census tract,Tract 2804,17031280400,1231,-87.67188460,41.88600940,17.5,36681.0,141.0,82.29813664596274
Census tract,Tract 2808,17031280800,1198,-87.68890090,41.87859670,14.0,31500.0,115.0,83.05847076461768
Census tract,Tract 2809,17031280900,1077,-87.68513240,41.87862610,13.83,,101.0,96.6501240694789
Census tract,Tract 2819,17031281900,7031,-87.64292360,41.87863460,16.04,125918.0,308.0,99.1748595505618
Census tract,Tract 2827,17031282700,2558,-87.68868120,41.87136680,15.25,88646.0,216.0,95.28301886792453
Census tract,Tract 2828,17031282800,1634,-87.68491360,41.87026830,16.67,85000.0,45.0,92.81164695177434
Census tract,Tract 2831,17031283100,2717,-87.66409200,41.86927410,15.25,61805.99999999999,128.0,86.99464198733561
Census tract,Tract 2832,17031283200,1670,-87.65920230,41.86957900,17.17,64222.99999999999,103.0,97.46059544658496
Census tract,Tract 2838,17031283800,3343,-87.65375470,41.86341680,14.17,86102.99999999999,120.0,93.9754260800634
Census tract,Tract 2909,17031290900,3975,-87.73245670,41.86241030,13.0,46189.0,256.0,81.97855413351782
Census tract,Tract 2912,17031291200,2286,-87.71287460,41.86266110,13.58,24554.999999999996,203.0,81.68498168498168
Census tract,Tract 2916,17031291600,874,-87.69221590,41.85764150,15.67,125050.0,27.0,66.09485368314833
Census tract,Tract 2922,17031292200,2942,-87.71573060,41.85666650,11.33,37028.0,175.0,83.29979879275655
Census tract,Tract 2924,17031292400,2041,-87.72239920,41.85523970,13.08,40151.99999999999,178.0,81.83421516754849
Census tract,Tract 2925,17031292500,4057,-87.73224280,41.85516130,12.88,54967.99999999999,215.0,84.38552188552188
Census tract,Tract 3005,17031300500,3243,-87.72193930,41.84742510,15.33,76022.99999999999,68.0,65.97711267605634
Census tract,Tract 3006,17031300600,3253,-87.71733430,41.84799040,15.42,51091.99999999999,116.0,56.11439842209073
Census tract,Tract 3007,17031300700,4798,-87.71245040,41.84807200,12.83,49205.99999999999,175.0,63.87748658035997
Census tract,Tract 3008,17031300800,4136,-87.70758180,41.84811080,15.08,31160.999999999996,138.0,66.59212880143113
Census tract,Tract 3009,17031300900,4553,-87.70269930,41.84817960,13.72,34258.99999999999,124.0,62.738367658276125
Census tract,Tract 3011,17031301100,2323,-87.69797340,41.84702900,14.42,44597.99999999999,74.0,52.61261261261261
Census tract,Tract 3012,17031301200,4087,-87.69147710,41.84841710,14.67,53653.99999999999,82.0,74.01273885350318
Census tract,Tract 3016,17031301600,4995,-87.71225200,41.84075720,13.42,30158.0,110.0,57.05546492659054
Census tract,Tract 3017.01,17031301701,4279,-87.71962540,41.84248050,14.17,56459.99999999999,102.0,58.06658130601793
Census tract,Tract 3017.02,17031301702,4121,-87.71952440,41.83880620,12.5,68999.99999999999,38.0,57.26086956521739
Census tract,Tract 3018.01,17031301801,3947,-87.73505090,41.84165970,13.25,48944.0,66.0,74.86296006264683
Census tract,Tract 3018.02,17031301802,3376,-87.72775920,41.84518460,15.89,25512.999999999996,164.0,71.63573085846868
Census tract,Tract 3018.03,17031301803,5107,-87.72787080,41.83954970,12.33,59212.99999999999,113.0,68.07493025109605
Census tract,Tract 3102,17031310200,1588,-87.64420910,41.85631000,17.33,122422.0,97.0,93.75896700143473
Census tract,Tract 3103,17031310300,1767,-87.64897820,41.85614390,17.67,75605.0,85.0,76.21035058430718
Census tract,Tract 3104,17031310400,1375,-87.65226130,41.85650690,15.5,80786.0,54.0,85.78154425612053
Census tract,Tract 3105,17031310500,1399,-87.65474000,41.85524800,18.17,52343.99999999999,71.0,69.68864468864469
Census tract,Tract 3106,17031310600,5498,-87.65956370,41.85633300,17.58,75603.99999999999,230.0,84.91778006166496
Census tract,Tract 3107,17031310700,1700,-87.66490610,41.85599030,17.0,72683.99999999999,67.0,76.4021164021164
Census tract,Tract 3108,17031310800,4175,-87.66857370,41.85593370,16.83,72059.0,145.0,72.75080906148868
Census tract,Tract 3109,17031310900,4781,-87.67467410,41.85577160,15.17,76757.99999999999,197.0,72.76940903823869
Census tract,Tract 3201.01,17031320101,9532,-87.61705900,41.88502590,17.26,129221.0,208.0,92.48205515678126
Census tract,Tract 3201.02,17031320102,4846,-87.62419440,41.88512490,18.31,109211.0,639.0,99.42084942084942
Census tract,Tract 3204,17031320400,2856,-87.61725560,41.87581700,19.17,137917.0,595.0,98.92205638474294
Census tract,Tract 3206,17031320600,6395,-87.61659620,41.87055420,17.08,117846.99999999999,352.0,100.0
Census tract,Tract 3301.01,17031330101,4592,-87.61322500,41.85912030,16.83,181012.99999999997,144.0,94.72461073669533
Census tract,Tract 3301.02,17031330102,10811,-87.62398830,41.86357210,16.83,110464.0,321.0,96.85489635453897
Census tract,Tract 3301.03,17031330103,8248,-87.62341720,41.85647960,16.83,122956.99999999999,350.0,97.26531685511438
Census tract,Tract 3302,17031330200,4008,-87.63056800,41.86557830,14.5,140556.0,220.0,92.5925925925926
Census tract,Tract 3403,17031340300,1865,-87.63578820,41.84280460,14.17,50542.99999999999,24.0,73.58346094946401
Census tract,Tract 3404,17031340400,1844,-87.63203560,41.84188570,17.0,41125.0,80.0,81.83229813664596
Census tract,Tract 3405,17031340500,1629,-87.63291690,41.83451810,16.67,61017.99999999999,58.0,80.44444444444444
Census tract,Tract 3406,17031340600,1151,-87.63265160,41.82728640,15.58,20588.0,109.0,83.01886792452831
Census tract,Tract 3501,17031350100,2228,-87.60794920,41.84025900,11.33,64999.99999999999,42.0,100.0
Census tract,Tract 3504,17031350400,1512,-87.62836950,41.84192910,13.0,20937.999999999996,61.0,73.85272145144077
Census tract,Tract 3510,17031351000,3640,-87.60652820,41.83556750,13.89,61346.99999999999,440.0,96.29027009437031
Census tract,Tract 3511,17031351100,2038,-87.61418940,41.82775400,11.39,19913.0,140.0,87.60757314974182
Census tract,Tract 3514,17031351400,1392,-87.62409090,41.82740190,15.0,30541.999999999996,71.0,89.46360153256705
Census tract,Tract 3515,17031351500,823,-87.62773090,41.82724020,13.75,65938.0,41.0,90.17543859649123
Census tract,Tract 3602,17031360200,1651,-87.60988760,41.82688550,14.17,28455.999999999996,123.0,99.08814589665651
Census tract,Tract 3801,17031380100,2207,-87.61009740,41.82020190,16.0,79734.0,97.0,87.18882817243473
Census tract,Tract 3802,17031380200,2408,-87.61498610,41.82057400,12.58,18689.999999999996,98.0,83.1858407079646
Census tract,Tract 3806,17031380600,3947,-87.62293560,41.82015100,14.89,35804.0,336.0,84.64854111405835
Census tract,Tract 3812,17031381200,2077,-87.61399920,41.80851140,14.0,53749.99999999999,79.0,86.3529411764706
Census tract,Tract 3814,17031381400,1796,-87.62142980,41.80762020,12.83,44399.0,195.0,81.87976291278576
Census tract,Tract 3815,17031381500,667,-87.62286190,41.81019270,15.0,25018.999999999996,62.0,91.63346613545816
Census tract,Tract 3817,17031381700,18,-87.62744630,41.80555020,12.67,,3.0,
Census tract,Tract 3818,17031381800,1462,-87.62119780,41.80384810,15.08,49670.99999999999,156.0,89.48811700182814
Census tract,Tract 3819,17031381900,1106,-87.61388850,41.80395570,15.5,65505.99999999999,37.0,81.47727272727273
Census tract,Tract 3901,17031390100,1553,-87.59054490,41.81355450,12.0,,107.0,92.28769497400349
Census tract,Tract 3902,17031390200,1883,-87.59947650,41.81304100,14.42,109867.99999999999,115.0,96.48518263266712
Census tract,Tract 3903,17031390300,2617,-87.60420890,41.81320060,14.75,35266.0,177.0,92.2020598332516
Census tract,Tract 3904,17031390400,2871,-87.60405820,41.80592430,13.75,31832.999999999996,152.0,92.97089511257552
Census tract,Tract 3905,17031390500,1666,-87.59919870,41.80597810,15.0,62187.99999999999,89.0,98.9795918367347
Census tract,Tract 3906,17031390600,1994,-87.59435040,41.80601810,13.83,94114.99999999999,43.0,97.88679245283018
Census tract,Tract 3907,17031390700,6532,-87.58048870,41.80401640,14.44,67609.99999999999,361.0,96.36056881176188
Census tract,Tract 4003,17031400300,1504,-87.61127280,41.78975400,16.67,71287.99999999999,260.0,86.52631578947368
Census tract,Tract 4004,17031400400,1995,-87.61832110,41.79112610,13.33,40028.99999999999,130.0,79.47136563876653
Census tract,Tract 4005,17031400500,2372,-87.62317910,41.79104140,12.58,24659.0,228.0,93.93939393939394
Census tract,Tract 4008,17031400800,3178,-87.62055800,41.78286330,12.08,22648.0,209.0,84.69773299748111
Census tract,Tract 4101,17031410100,2272,-87.58102590,41.80158220,12.67,58666.99999999999,241.0,97.98994974874373
Census tract,Tract 4102,17031410200,1165,-87.59426510,41.80167090,10.33,62591.0,57.0,98.4313725490196
Census tract,Tract 4105,17031410500,2922,-87.60374230,41.79783080,15.0,73040.99999999999,141.0,91.1805236564079
Census tract,Tract 4106,17031410600,2371,-87.59894220,41.79796870,15.08,48071.0,77.0,91.1144578313253
Census tract,Tract 4107,17031410700,2399,-87.59419960,41.79804930,16.67,56999.99999999999,146.0,93.40804218853
Census tract,Tract 4108,17031410800,2993,-87.58962480,41.79796140,16.17,63090.99999999999,153.0,97.77215189873417
Census tract,Tract 4109,17031410900,3670,-87.57809370,41.79670970,13.94,75561.99999999999,160.0,95.12530037761758
Census tract,Tract 4110,17031411000,3902,-87.57746200,41.78722670,16.61,69013.99999999999,203.0,100.0
Census tract,Tract 4111,17031411100,2379,-87.58970080,41.79045520,16.31,123611.0,89.0,97.81297134238312
Census tract,Tract 4112,17031411200,1713,-87.59401710,41.79056180,15.33,93957.99999999999,36.0,99.03593339176162
Census tract,Tract 4201,17031420100,1642,-87.57950420,41.78256890,14.0,22215.0,80.0,90.90128755364807
Census tract,Tract 4202,17031420200,1781,-87.59352080,41.78346800,14.33,39687.99999999999,67.0,93.12977099236642
Census tract,Tract 4203,17031420300,2818,-87.59869700,41.78322410,13.67,42880.99999999999,84.0,94.82352941176472
Census tract,Tract 4204,17031420400,1544,-87.60355840,41.78316990,15.17,38605.0,58.0,82.78688524590164
Census tract,Tract 4205,17031420500,2053,-87.60842610,41.78310020,12.67,22432.0,169.0,79.08256880733944
Census tract,Tract 4206,17031420600,2524,-87.61327770,41.78301350,12.33,43063.0,251.0,85.86291309669522
Census tract,Tract 4207,17031420700,3021,-87.61069330,41.77669140,12.13,28604.999999999996,299.0,77.13936430317848
Census tract,Tract 4208,17031420800,2457,-87.60325690,41.77690970,13.67,56356.99999999999,176.0,88.24221046443269
Census tract,Tract 4212,17031421200,1405,-87.60894740,41.77066210,14.17,45971.99999999999,105.0,88.8465204957102
Census tract,Tract 4301.01,17031430101,4091,-87.57395300,41.76985320,10.21,37916.99999999999,399.0,86.53480410802587
Census tract,Tract 4301.02,17031430102,3104,-87.56381430,41.76895280,12.11,49671.99999999999,192.0,93.23806204252352
Census tract,Tract 4302,17031430200,5086,-87.58135090,41.76976130,12.9,34071.99999999999,329.0,87.11273105961989
Census tract,Tract 4303,17031430300,2558,-87.58936010,41.76971630,13.78,53806.99999999999,182.0,92.04398447606728
Census tract,Tract 4304,17031430400,3031,-87.59030980,41.76219610,13.29,38034.0,190.0,93.68222536539368
Census tract,Tract 4305,17031430500,4098,-87.58127000,41.76431390,14.89,36309.99999999999,336.0,81.20406020301016
Census tract,Tract 4306,17031430600,1670,-87.57137300,41.76441330,14.67,42487.0,199.0,90.9297052154195
Census tract,Tract 4307,17031430700,2175,-87.56089030,41.76527160,12.75,37983.0,117.0,88.64027538726333
Census tract,Tract 4308,17031430800,1862,-87.57129830,41.76075000,12.92,47625.0,75.0,95.74769666902904
Census tract,Tract 4309,17031430900,1797,-87.58118510,41.76064100,14.0,31356.999999999996,122.0,85.78391551584077
Census tract,Tract 4312,17031431200,2898,-87.57118430,41.75530110,14.0,60109.99999999999,290.0,96.07237422771404
Census tract,Tract 4313.01,17031431301,3590,-87.56018710,41.75353020,12.89,36496.0,300.0,85.16769012753898
Census tract,Tract 4313.02,17031431302,4351,-87.56278590,41.75838550,13.89,31980.999999999996,442.0,84.94439692044482
Census tract,Tract 4314,17031431400,6716,-87.54655500,41.75720840,13.67,38438.0,455.0,85.05963590709354
Census tract,Tract 4401.01,17031440101,4171,-87.60145120,41.74862710,11.5,28326.0,435.0,79.0646578782172
Census tract,Tract 4401.02,17031440102,3633,-87.60116360,41.74093560,12.71,36650.0,323.0,86.46166134185303
Census tract,Tract 4402.01,17031440201,5054,-87.61007390,41.74820970,12.38,38256.99999999999,443.0,91.29984464008288
Census tract,Tract 4402.02,17031440202,3525,-87.60976200,41.74095990,14.22,35079.0,297.0,93.4065934065934
Census tract,Tract 4403,17031440300,4677,-87.61954240,41.74372120,12.23,55475.99999999999,339.0,92.01038361695991
Census tract,Tract 4406,17031440600,1996,-87.61913730,41.73267180,12.67,56988.99999999999,126.0,87.35733099209834
Census tract,Tract 4407,17031440700,1497,-87.60962940,41.73475140,11.25,91031.0,111.0,91.94097616345064
Census tract,Tract 4408,17031440800,1620,-87.60332800,41.73171140,12.5,23750.0,62.0,89.97472620050547
Census tract,Tract 4409,17031440900,2462,-87.60900570,41.72866900,11.83,43358.99999999999,174.0,90.1829268292683
Census tract,Tract 4503,17031450300,3252,-87.57908920,41.74194380,14.0,46207.0,216.0,83.57570573139435
Census tract,Tract 4601,17031460100,2840,-87.53672530,41.74783450,12.33,48206.99999999999,202.0,87.1536523929471
Census tract,Tract 4602,17031460200,1948,-87.54701010,41.74138720,10.92,29246.0,114.0,68.66151866151866
Census tract,Tract 4603.01,17031460301,2987,-87.55636730,41.74002640,12.72,41296.0,156.0,69.75564776394651
Census tract,Tract 4603.02,17031460302,3282,-87.55738790,41.74708400,9.67,44306.0,257.0,90.04801396769969
Census tract,Tract 4604,17031460400,3411,-87.56369220,41.74449030,10.96,70472.0,184.0,96.268932397488
Census tract,Tract 4605,17031460500,5400,-87.57260410,41.74688190,12.26,54850.0,330.0,90.72141034562746
Census tract,Tract 4608,17031460800,3639,-87.55318420,41.73560050,12.81,33048.0,262.0,63.22495606326889
Census tract,Tract 4610,17031461000,1460,-87.54654240,41.72739250,19.0,14310.999999999998,166.0,65.2046783625731
Census tract,Tract 4701,17031470100,2527,-87.59648940,41.72822070,12.83,46614.0,147.0,89.22600619195047
Census tract,Tract 4801,17031480100,2001,-87.57572920,41.73524100,15.17,71718.99999999999,128.0,96.00798403193612
Census tract,Tract 4802,17031480200,1103,-87.58988290,41.73512410,14.25,49666.99999999999,71.0,93.66459627329192
Census tract,Tract 4803,17031480300,1348,-87.58797250,41.72919400,14.58,54267.99999999999,67.0,92.61658031088082
Census tract,Tract 4804,17031480400,5650,-87.57563850,41.72844980,12.71,78064.0,348.0,95.51464869069224
Census tract,Tract 4805,17031480500,2986,-87.55909110,41.72760010,14.36,59483.99999999999,180.0,96.52567975830816
Census tract,Tract 4902,17031490200,3040,-87.61687420,41.72490950,13.46,65268.0,164.0,93.64238410596026
Census tract,Tract 4905,17031490500,1995,-87.61319640,41.71793090,14.83,78319.0,111.0,90.53213545266068
Census tract,Tract 4906,17031490600,1443,-87.62833020,41.71797340,9.67,66927.0,152.0,88.56172140430351
Census tract,Tract 4907,17031490700,2656,-87.62836170,41.71073390,12.22,42083.0,155.0,89.72829688535454
Census tract,Tract 4908,17031490800,3502,-87.61534690,41.71069020,14.62,47212.0,219.0,88.44462215113954
Census tract,Tract 4909.01,17031490901,3403,-87.61626770,41.69605820,13.56,32283.999999999996,258.0,91.76340519624102
Census tract,Tract 4909.02,17031490902,4647,-87.61532620,41.70328010,13.17,69470.99999999999,293.0,87.61494252873563
Census tract,Tract 4910,17031491000,3807,-87.62805360,41.69976250,12.97,33065.0,345.0,81.39240506329114
Census tract,Tract 4911,17031491100,4079,-87.63769940,41.69975310,12.7,77044.99999999999,182.0,84.84546360917248
Census tract,Tract 4912,17031491200,2019,-87.63743830,41.68877650,13.72,60416.99999999999,93.0,84.02985074626865
Census tract,Tract 4913,17031491300,2023,-87.62780360,41.68889690,13.12,39614.99999999999,182.0,88.23082763857252
Census tract,Tract 4914,17031491400,2593,-87.61682150,41.68912320,15.56,38491.0,259.0,86.64238008500304
Census tract,Tract 5001,17031500100,3545,-87.59502870,41.71468400,13.08,67708.0,144.0,93.52844187963726
Census tract,Tract 5002,17031500200,1688,-87.60030860,41.70085520,12.0,40720.0,178.0,90.16681299385426
Census tract,Tract 5003,17031500300,1587,-87.60536980,41.68931500,15.17,51335.99999999999,88.0,84.75699558173785
Census tract,Tract 5101,17031510100,3231,-87.55007480,41.71262130,13.5,71275.99999999999,109.0,79.57894736842105
Census tract,Tract 5102,17031510200,2922,-87.56004950,41.71426510,12.06,48917.0,113.0,86.31708316263827
Census tract,Tract 5103,17031510300,4850,-87.57497710,41.71573730,13.79,30874.999999999996,412.0,81.86413902053712
Census tract,Tract 5201,17031520100,1745,-87.52943250,41.72111840,16.0,58712.99999999999,90.0,55.32271584241408
Census tract,Tract 5202,17031520200,3338,-87.54069130,41.71230870,11.39,46802.99999999999,104.0,73.98248325605358
Census tract,Tract 5203,17031520300,5675,-87.53956290,41.70111390,13.38,54174.99999999999,148.0,72.53985706432105
Census tract,Tract 5204,17031520400,4055,-87.53070290,41.70300800,15.35,49493.99999999999,140.0,88.24247355573637
Census tract,Tract 5205,17031520500,4420,-87.53087190,41.69311580,13.17,84563.0,81.0,75.03768465480857
Census tract,Tract 5206,17031520600,2530,-87.54040000,41.68952040,14.83,70749.99999999999,34.0,75.56742323097463
Census tract,Tract 5301,17031530100,2197,-87.61793950,41.68185220,15.08,29746.999999999996,123.0,55.04587155963303
Census tract,Tract 5302,17031530200,4128,-87.63239540,41.68156120,13.73,39578.99999999999,249.0,88.77374784110536
Census tract,Tract 5303,17031530300,3964,-87.65175240,41.68131440,14.08,56923.99999999999,275.0,91.36929460580912
Census tract,Tract 5304,17031530400,2059,-87.65152670,41.67403970,13.42,83835.99999999999,98.0,92.75862068965516
Census tract,Tract 5305.01,17031530501,4514,-87.63216600,41.67427800,13.58,40999.99999999999,255.0,85.32203389830508
Census tract,Tract 5305.02,17031530502,1570,-87.62502510,41.66607960,11.17,75986.0,58.0,93.45524542829644
Census tract,Tract 5305.03,17031530503,4898,-87.63753560,41.66420390,14.03,50404.99999999999,250.0,95.41984732824427
Census tract,Tract 5306,17031530600,2774,-87.61914580,41.67008820,13.67,41678.0,185.0,88.79037365421154
Census tract,Tract 5401.01,17031540101,4324,-87.59936890,41.65072030,13.38,16175.999999999998,307.0,87.71295818275684
Census tract,Tract 5401.02,17031540102,2938,-87.60544880,41.66733000,12.33,24582.999999999996,215.0,83.5762331838565
Census tract,Tract 5501,17031550100,7019,-87.53597850,41.66318130,12.5,52174.0,203.0,83.06694463747974
Census tract,Tract 5502,17031550200,2969,-87.56482700,41.65509740,12.08,72231.99999999999,98.0,88.0718954248366
Census tract,Tract 5601,17031560100,1477,-87.74159100,41.81567650,14.33,69490.99999999999,50.0,78.40670859538784
Census tract,Tract 5602,17031560200,1710,-87.74782730,41.81133090,13.22,73124.99999999999,54.0,74.59893048128342
Census tract,Tract 5603,17031560300,3253,-87.74798700,41.80390750,15.0,61978.99999999999,58.0,75.81436858545291
Census tract,Tract 5604,17031560400,1630,-87.74061440,41.80400620,16.67,74554.0,55.0,77.01863354037268
Census tract,Tract 5607,17031560700,3635,-87.75752020,41.79646260,16.33,80572.99999999999,95.0,75.30816640986131
Census tract,Tract 5608,17031560800,5682,-87.77216590,41.79620560,15.57,105886.0,104.0,84.02547770700637
Census tract,Tract 5609,17031560900,5112,-87.79165140,41.79577020,14.72,106487.0,75.0,90.4721989382509
Census tract,Tract 5610,17031561000,5308,-87.79150330,41.78850220,14.17,85741.0,85.0,87.18771487508596
Census tract,Tract 5611,17031561100,5581,-87.77190990,41.78886980,12.86,107856.99999999999,81.0,87.10163111668759
Census tract,Tract 5701,17031570100,1316,-87.71891320,41.81620030,13.5,73461.99999999999,185.0,73.0232558139535
Census tract,Tract 5702,17031570200,2096,-87.73071830,41.81437990,14.33,,38.0,75.0
Census tract,Tract 5703,17031570300,6376,-87.73079090,41.80414490,14.46,60138.99999999999,162.0,72.05957883923986
Census tract,Tract 5704,17031570400,1769,-87.71913050,41.80499210,15.25,72263.0,70.0,62.24899598393574
Census tract,Tract 5705,17031570500,2639,-87.73245530,41.79860150,14.83,74899.0,62.0,65.07760532150776
Census tract,Tract 5801,17031580100,3228,-87.69074630,41.82805490,16.25,49323.0,59.0,83.80952380952381
Census tract,Tract 5802,17031580200,3466,-87.69934780,41.82677180,13.92,36010.0,67.0,76.0
Census tract,Tract 5803,17031580300,2577,-87.70893400,41.82518760,14.83,83029.0,27.0,77.20444154147616
Census tract,Tract 5804,17031580400,4546,-87.70918450,41.81527530,16.67,56190.0,179.0,78.27145465611686
Census tract,Tract 5805.01,17031580501,5170,-87.69949620,41.81998600,14.88,52756.99999999999,79.0,76.37954239569314
Census tract,Tract 5805.02,17031580502,5345,-87.69931020,41.81456170,14.39,59803.0,93.0,68.86731391585761
Census tract,Tract 5806,17031580600,5405,-87.69203140,41.81739780,13.33,67297.0,107.0,65.3234649122807
Census tract,Tract 5807,17031580700,5621,-87.68684590,41.81749350,13.28,59399.0,88.0,61.25277161862528
Census tract,Tract 5808,17031580800,2058,-87.68664360,41.81021970,16.0,67678.99999999999,52.0,52.58687258687259
Census tract,Tract 5905,17031590500,1854,-87.68045960,41.82489780,17.0,72383.0,82.0,91.46625290923195
Census tract,Tract 5906,17031590600,3477,-87.67292440,41.82683320,12.61,78136.99999999999,66.0,75.36603221083456
Census tract,Tract 5907,17031590700,3027,-87.66278880,41.82605390,15.17,77343.99999999999,88.0,78.66805411030177
Census tract,Tract 6004,17031600400,4297,-87.64393220,41.84171830,15.0,63497.0,88.0,77.30542838456508
Census tract,Tract 6006,17031600600,2988,-87.65575100,41.84246850,15.5,72209.99999999999,50.0,81.78477690288713
Census tract,Tract 6007,17031600700,2591,-87.66054300,41.84078160,15.0,68237.0,50.0,73.98843930635837
Census tract,Tract 6009,17031600900,3682,-87.65314280,41.83651300,15.25,62049.0,72.0,84.9493487698987
Census tract,Tract 6103,17031610300,5410,-87.67510220,41.81617790,13.72,49901.0,254.0,69.33407946278679
Census tract,Tract 6104,17031610400,2029,-87.66744910,41.81039840,14.5,35938.0,33.0,63.116370808678504
Census tract,Tract 6108,17031610800,1512,-87.63840460,41.81271190,13.67,125249.99999999999,47.0,84.25841674249318
Census tract,Tract 6112,17031611200,2680,-87.66244140,41.80499390,13.67,41479.99999999999,142.0,69.37416777629826
Census tract,Tract 6113,17031611300,3668,-87.66730390,41.80493620,16.0,48350.99999999999,167.0,63.55492692126356
Census tract,Tract 6114,17031611400,3737,-87.67216610,41.80489290,13.83,32055.999999999996,107.0,63.130598774163126
Census tract,Tract 6115,17031611500,3587,-87.67873100,41.80538190,13.71,42352.99999999999,92.0,57.307139434595115
Census tract,Tract 6116,17031611600,1921,-87.67689800,41.79763290,13.86,52691.99999999999,80.0,84.93506493506493
Census tract,Tract 6117,17031611700,2180,-87.67197620,41.79759910,14.33,,66.0,72.13240954580446
Census tract,Tract 6118,17031611800,2205,-87.66711380,41.79764770,10.08,50250.0,63.0,72.28260869565217
Census tract,Tract 6119,17031611900,1984,-87.65955520,41.79853750,12.0,39375.0,160.0,66.01441812564367
Census tract,Tract 6120,17031612000,1448,-87.65253600,41.79784660,10.75,57395.99999999999,83.0,86.58959537572254
Census tract,Tract 6121,17031612100,1168,-87.64768080,41.79791280,13.67,24999.999999999996,67.0,79.22077922077922
Census tract,Tract 6122,17031612200,3939,-87.65271940,41.80487610,14.19,46227.0,176.0,59.467174119885826
Census tract,Tract 6201,17031620100,4567,-87.71802570,41.79801750,13.89,85256.0,176.0,71.8359500160205
Census tract,Tract 6202,17031620200,2390,-87.72923390,41.79552150,15.17,64106.99999999999,48.0,81.35095447870778
Census tract,Tract 6203,17031620300,6410,-87.73044380,41.78950250,13.72,71318.99999999999,138.0,72.23926380368098
Census tract,Tract 6204,17031620400,5027,-87.71816820,41.78963820,12.42,62000.0,102.0,73.26115485564304
Census tract,Tract 6303,17031630300,5385,-87.70863780,41.79886200,12.42,64870.99999999999,70.0,59.64424680377988
Census tract,Tract 6304,17031630400,7204,-87.69878110,41.79725450,13.67,58146.99999999999,191.0,60.92322883238707
Census tract,Tract 6305,17031630500,6271,-87.68901710,41.79742790,12.5,53234.99999999999,130.0,65.49217002237137
Census tract,Tract 6306,17031630600,3250,-87.68885240,41.80120950,13.58,48398.0,168.0,70.01166861143524
Census tract,Tract 6308,17031630800,6641,-87.69857250,41.78996520,13.5,72581.99999999999,165.0,67.04306722689076
Census tract,Tract 6309,17031630900,5204,-87.70836550,41.78981140,14.61,49922.0,114.0,75.52973342447027
Census tract,Tract 6401,17031640100,1312,-87.73986080,41.78191960,15.33,67584.99999999999,59.0,71.64605137963844
Census tract,Tract 6403,17031640300,6710,-87.77163530,41.78153210,14.53,86900.0,98.0,86.00093327111526
Census tract,Tract 6404,17031640400,3390,-87.79124740,41.78117840,13.67,93488.0,79.0,85.21097910692339
Census tract,Tract 6405,17031640500,3896,-87.79098790,41.77568250,13.92,76250.0,59.0,87.13929462059139
Census tract,Tract 6406,17031640600,4063,-87.77142980,41.77603620,14.72,74773.0,120.0,90.97643097643098
Census tract,Tract 6407,17031640700,3298,-87.75193560,41.77641110,14.58,78533.0,67.0,86.7831541218638
Census tract,Tract 6408,17031640800,1799,-87.73974220,41.77482410,12.75,40555.99999999999,47.0,79.74559686888453
Census tract,Tract 6501,17031650100,4765,-87.71785490,41.78237660,14.08,65851.99999999999,97.0,81.67914090465344
Census tract,Tract 6502,17031650200,7251,-87.73022520,41.78222210,13.42,93041.0,108.0,83.0666089965398
Census tract,Tract 6503.01,17031650301,5829,-87.72999160,41.77492750,15.21,53749.99999999999,111.0,71.88231360748914
Census tract,Tract 6503.02,17031650302,4522,-87.71773310,41.77509310,13.25,65832.99999999999,102.0,69.05829596412556
Census tract,Tract 6504,17031650400,6894,-87.71716510,41.76531180,13.33,82757.99999999999,121.0,68.75934230194319
Census tract,Tract 6505,17031650500,4401,-87.73203520,41.76221870,14.33,64431.99999999999,332.0,68.70838881491345
Census tract,Tract 6603.01,17031660301,1850,-87.69828720,41.77995410,15.5,28845.999999999996,78.0,79.72602739726027
Census tract,Tract 6603.02,17031660302,5549,-87.69839260,41.78359570,13.25,49100.99999999999,140.0,67.72793053545585
Census tract,Tract 6604,17031660400,5692,-87.70804410,41.78253210,11.83,50710.0,165.0,62.721537999399224
Census tract,Tract 6605,17031660500,5013,-87.70792710,41.77524610,11.67,66944.0,175.0,69.27747419550698
Census tract,Tract 6606,17031660600,6404,-87.69334060,41.77728730,12.97,39913.0,333.0,82.11610486891385
Census tract,Tract 6607,17031660700,2076,-87.68109550,41.77384520,15.33,32864.0,84.0,85.44839255499154
Census tract,Tract 6608,17031660800,6114,-87.69326560,41.77364130,12.37,43569.0,252.0,76.1890694239291
Census tract,Tract 6609,17031660900,4446,-87.69906300,41.76781910,14.22,45571.99999999999,335.0,78.64462809917356
Census tract,Tract 6610,17031661000,5756,-87.68504690,41.76181770,14.6,49651.99999999999,251.0,82.90253096392031
Census tract,Tract 6611,17031661100,6633,-87.70266360,41.76078640,13.23,69196.0,147.0,76.02616147947677
Census tract,Tract 6701,17031670100,1349,-87.65720840,41.79049370,12.83,36312.99999999999,65.0,63.62573099415205
Census tract,Tract 6702,17031670200,1325,-87.66206270,41.79042470,14.0,96152.0,97.0,80.48780487804879
Census tract,Tract 6703,17031670300,1287,-87.66691670,41.79035760,15.33,35038.0,63.0,85.98726114649682
Census tract,Tract 6704,17031670400,1585,-87.67176980,41.79029960,11.67,33482.0,94.0,79.53321364452424
Census tract,Tract 6705,17031670500,1148,-87.67640440,41.78657800,13.67,29855.999999999996,58.0,70.41666666666667
Census tract,Tract 6706,17031670600,1339,-87.67157720,41.78300540,11.67,39000.0,61.0,68.05369127516778
Census tract,Tract 6707,17031670700,1252,-87.66673150,41.78306860,14.92,29540.999999999996,112.0,59.42028985507246
Census tract,Tract 6708,17031670800,1477,-87.66187900,41.78314420,13.75,43145.0,84.0,73.10647639956093
Census tract,Tract 6709,17031670900,1172,-87.65702200,41.78321240,12.58,30541.999999999996,78.0,84.004884004884
Census tract,Tract 6711,17031671100,994,-87.66171590,41.77677710,13.5,15735.0,75.0,89.28571428571429
Census tract,Tract 6712,17031671200,980,-87.66658230,41.77669930,13.92,42143.0,96.0,72.30392156862744
Census tract,Tract 6713,17031671300,2048,-87.67134930,41.77390150,12.39,29562.999999999996,92.0,82.0754716981132
Census tract,Tract 6714,17031671400,1558,-87.67622890,41.77379210,12.58,29469.0,98.0,80.34351145038168
Census tract,Tract 6715,17031671500,2716,-87.66963150,41.76817220,14.83,43202.99999999999,141.0,75.31683765841883
Census tract,Tract 6716,17031671600,1804,-87.66151130,41.76949990,13.17,25849.0,230.0,89.22204213938411
Census tract,Tract 6718,17031671800,1142,-87.65644810,41.76140100,12.0,52125.0,81.0,80.97622027534418
Census tract,Tract 6719,17031671900,1122,-87.66128020,41.76132560,13.33,36336.99999999999,84.0,85.75
Census tract,Tract 6720,17031672000,3397,-87.67112810,41.76119830,13.21,45191.99999999999,190.0,67.73526370217166
Census tract,Tract 6805,17031680500,1307,-87.65235240,41.79056390,12.33,42639.0,115.0,78.14498933901919
Census tract,Tract 6806,17031680600,1165,-87.65216520,41.78328110,11.5,52236.99999999999,110.0,85.24332810047096
Census tract,Tract 6809,17031680900,3573,-87.63763040,41.77643050,12.58,18333.0,350.0,70.25316455696202
Census tract,Tract 6810,17031681000,2573,-87.64954790,41.77603980,12.46,27844.0,206.0,76.50962176509621
Census tract,Tract 6811,17031681100,2873,-87.64935950,41.76876650,12.63,36082.99999999999,227.0,77.52053771471246
Census tract,Tract 6812,17031681200,2353,-87.63849760,41.76918930,13.67,23249.999999999996,226.0,77.56939234808702
Census tract,Tract 6813,17031681300,2182,-87.63984230,41.76118070,12.28,21887.999999999996,204.0,76.67173252279636
Census tract,Tract 6814,17031681400,2474,-87.64917060,41.76152230,12.81,51834.99999999999,194.0,80.37974683544303
Census tract,Tract 6903,17031690300,2302,-87.62900930,41.76866930,13.23,34977.99999999999,188.0,86.33045786330457
Census tract,Tract 6904,17031690400,3363,-87.62020390,41.76925900,13.12,46313.0,313.0,83.39749759384023
Census tract,Tract 6905,17031690500,992,-87.61210310,41.76817940,13.83,57840.99999999999,110.0,86.53846153846155
Census tract,Tract 6909,17031690900,4250,-87.61034470,41.76214240,11.6,36926.99999999999,350.0,88.7085635359116
Census tract,Tract 6910,17031691000,2668,-87.62001510,41.76196540,11.17,64361.0,280.0,91.13475177304964
Census tract,Tract 6911,17031691100,2980,-87.62987210,41.76171350,13.38,55169.99999999999,295.0,87.03928716079385
Census tract,Tract 6912,17031691200,2277,-87.63041130,41.75262080,14.17,34444.0,284.0,90.87481146304675
Census tract,Tract 6913,17031691300,2374,-87.61984720,41.75468110,13.42,55203.0,142.0,90.7119021134594
Census tract,Tract 6914,17031691400,3411,-87.61016850,41.75484550,13.07,35495.0,331.0,88.57302118171684
Census tract,Tract 6915,17031691500,1806,-87.60026660,41.75505280,12.61,24100.999999999996,205.0,90.00868809730669
Census tract,Tract 7001,17031700100,3326,-87.69530910,41.75359350,14.5,79658.99999999999,162.0,83.06486721811058
Census tract,Tract 7002,17031700200,6554,-87.72378400,41.75298930,13.58,74124.99999999999,108.0,77.31073943661971
Census tract,Tract 7003.01,17031700301,5762,-87.73171170,41.74562250,14.28,84667.0,121.0,69.17808219178082
Census tract,Tract 7003.02,17031700302,5662,-87.73130640,41.73836520,14.12,86000.0,89.0,74.343163538874
Census tract,Tract 7004.01,17031700401,5822,-87.71203550,41.74553720,14.92,94312.99999999999,152.0,83.96137541215262
Census tract,Tract 7004.02,17031700402,4082,-87.71182340,41.73823020,14.89,98151.99999999999,91.0,85.94594594594595
Census tract,Tract 7005.01,17031700501,6912,-87.69034230,41.74621330,13.75,64739.0,309.0,86.94904321651258
Census tract,Tract 7005.02,17031700502,2978,-87.68876830,41.73885220,11.75,97623.99999999999,79.0,95.50200803212851
Census tract,Tract 7101,17031710100,1015,-87.64197130,41.75339180,13.0,28287.0,99.0,96.86411149825784
Census tract,Tract 7102,17031710200,4635,-87.65142520,41.75511310,12.17,30870.999999999996,305.0,69.96491228070175
Census tract,Tract 7103,17031710300,1424,-87.66110570,41.75404850,16.83,54886.0,120.0,83.49619978284474
Census tract,Tract 7104,17031710400,5424,-87.67093280,41.75391840,12.39,43986.0,315.0,86.26359055953327
Census tract,Tract 7105,17031710500,4036,-87.67078740,41.74753160,12.54,44972.99999999999,314.0,85.31524341580207
Census tract,Tract 7106,17031710600,1706,-87.66094340,41.74766000,11.25,42132.0,110.0,81.44257703081233
Census tract,Tract 7107,17031710700,3420,-87.65688400,41.74711000,13.58,40937.99999999999,209.0,85.5252606255012
Census tract,Tract 7108,17031710800,4804,-87.64881260,41.74783660,14.22,37580.0,418.0,88.71399866041527
Census tract,Tract 7109,17031710900,1942,-87.63968930,41.74214610,14.5,48867.0,189.0,90.5785123966942
Census tract,Tract 7110,17031711000,3058,-87.64858110,41.73964360,12.22,55197.0,216.0,86.65723715228665
Census tract,Tract 7111,17031711100,2499,-87.65830020,41.73950160,12.83,49687.99999999999,166.0,93.42318059299193
Census tract,Tract 7112,17031711200,4687,-87.66982520,41.74055610,13.46,60432.99999999999,199.0,85.75909661229612
Census tract,Tract 7113,17031711300,1462,-87.66728550,41.73350440,13.25,76523.99999999999,83.0,84.08163265306122
Census tract,Tract 7114,17031711400,2394,-87.65211680,41.73366140,14.0,59187.99999999999,148.0,94.25156516789984
Census tract,Tract 7115,17031711500,2372,-87.63868880,41.73244020,11.0,52884.99999999999,108.0,84.10064239828694
Census tract,Tract 7201,17031720100,3344,-87.67473550,41.72761640,14.5,149179.99999999997,108.0,97.31303179579042
Census tract,Tract 7202,17031720200,4131,-87.66605450,41.71304170,14.89,121079.99999999999,114.0,98.36298932384342
Census tract,Tract 7203,17031720300,3637,-87.67714390,41.71391980,14.29,136914.0,59.0,97.42765273311898
Census tract,Tract 7204,17031720400,1961,-87.68666860,41.70999180,14.83,122396.0,40.0,97.4853310980721
Census tract,Tract 7205,17031720500,2086,-87.68910110,41.70283530,16.08,111249.99999999999,39.0,97.82608695652172
Census tract,Tract 7206,17031720600,1691,-87.67720700,41.70277640,16.42,156927.0,26.0,99.57912457912458
Census tract,Tract 7207,17031720700,3073,-87.66513880,41.70310710,11.83,98896.99999999999,66.0,96.3917525773196
Census tract,Tract 7301,17031730100,2462,-87.63842560,41.72519520,11.33,57199.99999999999,111.0,85.7981220657277
Census tract,Tract 7302.01,17031730201,5627,-87.65790160,41.72686250,11.83,61431.99999999999,374.0,92.03830369357046
Census tract,Tract 7302.02,17031730202,2893,-87.64854250,41.72642990,12.17,81249.99999999999,161.0,92.349190779794
Census tract,Tract 7303,17031730300,1046,-87.66456670,41.72746930,15.5,45278.0,38.0,92.25543478260867
Census tract,Tract 7304,17031730400,3386,-87.65264790,41.71784080,14.42,88365.0,237.0,85.56149732620321
Census tract,Tract 7305,17031730500,4220,-87.63813770,41.71426530,12.92,64565.99999999999,233.0,89.25487687879757
Census tract,Tract 7306,17031730600,3254,-87.65048570,41.71060030,12.11,80500.0,192.0,94.47259327498848
Census tract,Tract 7307,17031730700,2281,-87.65007930,41.70308170,14.67,67500.0,121.0,86.9826435246996
Census tract,Tract 7401,17031740100,3234,-87.69860830,41.69728590,15.42,109375.0,37.0,95.64384873145045
Census tract,Tract 7402,17031740200,5830,-87.71270570,41.70470170,13.83,124160.99999999999,34.0,97.00676730869338
Census tract,Tract 7403,17031740300,4869,-87.71072330,41.69506940,14.07,124250.0,21.0,94.275802254987
Census tract,Tract 7404,17031740400,4695,-87.71931580,41.68723910,13.33,91041.99999999999,56.0,96.9655642686669
Census tract,Tract 7501,17031750100,3736,-87.65202830,41.69583450,12.79,53272.99999999999,132.0,93.34155363748458
Census tract,Tract 7502,17031750200,3024,-87.67142470,41.69566470,14.08,79463.99999999999,61.0,98.04171988080034
Census tract,Tract 7503,17031750300,2470,-87.68617260,41.69539110,15.28,120642.99999999999,19.0,99.5875073659399
Census tract,Tract 7504,17031750400,2909,-87.68507100,41.68565660,15.28,108788.0,61.0,97.40673339399454
Census tract,Tract 7505,17031750500,5618,-87.67123340,41.68461540,14.08,68615.0,356.0,93.81978706829396
Census tract,Tract 7506,17031750600,3420,-87.65204930,41.68863120,13.54,58494.0,196.0,83.67875647668393
Census tract,Tract 7608.01,17031760801,4403,-87.84484950,41.98348670,15.08,75625.0,88.0,92.1210305572199
Census tract,Tract 7608.02,17031760802,2374,-87.84262100,41.95612680,13.33,93312.99999999999,26.0,88.43283582089553
Census tract,Tract 7608.03,17031760803,6394,-87.84413560,41.97534080,14.04,68276.0,80.0,94.34034416826005
Census tract,Tract 7705,17031770500,4632,-87.94474330,42.00800630,13.12,59910.99999999999,,60.41928721174005
Census tract,Tract 7706.02,17031770602,4762,-87.90749730,42.01191100,12.51,85912.99999999999,5.0,70.4995287464656
Census tract,Tract 7707,17031770700,2537,-87.86941970,41.98543570,15.29,68144.99999999999,124.0,89.04632152588556
Census tract,Tract 7708,17031770800,5661,-87.86642260,41.96331970,14.75,79750.0,,92.60015310028068
Census tract,Tract 7709.01,17031770901,5245,-87.81686040,41.97055600,14.89,95312.99999999999,1.0,86.2412493268713
Census tract,Tract 7709.02,17031770902,3732,-87.83618060,41.97006020,15.67,74318.0,1.0,89.23471255950201
Census tract,Tract 8104,17031810400,5409,-87.82943870,41.98757370,15.21,148749.99999999997,31.0,95.159298592245
Census tract,Tract 8105.01,17031810501,5293,-87.82598630,41.96028070,14.93,88193.99999999999,8.0,90.09446004595354
Census tract,Tract 8105.02,17031810502,5355,-87.81045920,41.95958470,16.6,82037.0,,81.8
Census tract,Tract 8106,17031810600,4949,-87.79610020,41.96422460,16.22,80676.99999999999,1.0,88.28464885021752
Census tract,Tract 8233.04,17031823304,5872,-87.70275070,41.68142960,14.67,51039.99999999999,5.0,85.77663671373556
Census tract,Tract 8305,17031830500,4410,-87.71931990,41.82912460,13.33,65794.99999999999,177.0,57.27529222087868
Census tract,Tract 8306,17031830600,4935,-87.67357380,42.00169800,14.75,64260.99999999999,134.0,88.18362142249929
Census tract,Tract 8307,17031830700,4006,-87.66076460,41.95830350,16.46,67462.0,426.0,90.9857328145266
Census tract,Tract 8308,17031830800,2405,-87.67657750,41.96514130,16.94,85819.0,68.0,99.19316563834836
Census tract,Tract 8309,17031830900,3076,-87.68490650,41.92842450,17.11,138091.99999999997,331.0,93.61888111888112
Census tract,Tract 8310,17031831000,2633,-87.67699660,41.91479810,17.75,199886.0,91.0,99.16054564533052
Census tract,Tract 8311,17031831100,6697,-87.71749550,41.94285590,14.29,97639.99999999999,421.0,89.39424031777557
Census tract,Tract 8312,17031831200,4832,-87.73226000,41.91532140,13.89,61249.99999999999,165.0,68.76847290640394
Census tract,Tract 8313,17031831300,1251,-87.74425960,41.90776620,15.17,45582.99999999999,150.0,51.995438996579246
Census tract,Tract 8314,17031831400,2820,-87.75608840,41.86911880,14.92,33516.0,217.0,81.38801261829653
Census tract,Tract 8315,17031831500,4421,-87.78800670,41.92759500,15.5,78682.0,284.0,72.83531409168081
Census tract,Tract 8316,17031831600,7745,-87.79761480,41.92561050,14.89,59534.99999999999,206.0,74.1988160849153
Census tract,Tract 8317,17031831700,2237,-87.74525460,41.95265370,15.69,47231.99999999999,193.0,85.22359040829552
Census tract,Tract 8318,17031831800,5868,-87.71648740,41.97822380,14.58,84356.99999999999,118.0,89.82697519282885
Census tract,Tract 8319,17031831900,3040,-87.66879070,41.94516900,17.58,131567.0,118.0,97.4483062032556
Census tract,Tract 8320,17031832000,2062,-87.65429820,41.94629410,14.0,146943.99999999997,156.0,98.4423676012461
Census tract,Tract 8321,17031832100,3410,-87.65324140,41.95282150,16.22,84875.0,182.0,94.86210804684548
Census tract,Tract 8322,17031832200,3289,-87.67997460,41.92047990,16.29,152902.0,114.0,98.88357256778308
Census tract,Tract 8323,17031832300,2054,-87.67278070,41.91982640,18.83,131212.0,178.0,99.2507204610951
Census tract,Tract 8324,17031832400,3601,-87.69225650,41.91574110,14.67,127999.99999999999,132.0,93.60484685291148
Census tract,Tract 8325,17031832500,3334,-87.66479620,41.92223040,18.0,148970.99999999997,233.0,95.42056074766356
Census tract,Tract 8326,17031832600,4147,-87.65446540,41.91475410,17.06,211323.99999999997,203.0,99.0914990266061
Census tract,Tract 8329,17031832900,1995,-87.66193490,41.87417510,15.58,80951.0,113.0,97.38675958188152
Census tract,Tract 8330,17031833000,5637,-87.65724880,41.88528630,18.75,169489.0,1013.0,99.29328621908128
Census tract,Tract 8331,17031833100,9493,-87.65704590,41.87907780,18.56,168124.99999999997,465.0,98.24443848834092
Census tract,Tract 8333,17031833300,2912,-87.65412370,41.87169450,18.0,90806.0,99.0,98.29437776373972
Census tract,Tract 8339,17031833900,2333,-87.54742260,41.73103210,14.4,40694.0,185.0,75.6026296566837
Census tract,Tract 8340,17031834000,3609,-87.62943200,41.72739380,12.83,41225.0,208.0,88.98433552299142
Census tract,Tract 8342,17031834200,4693,-87.58360690,41.75556760,14.79,63522.99999999999,494.0,96.69421487603306
Census tract,Tract 8343,17031834300,6240,-87.59178800,41.74583480,12.47,52424.99999999999,345.0,94.62102689486552
Census tract,Tract 8344,17031834400,3765,-87.59630300,41.77695040,12.94,40587.99999999999,269.0,95.30416221985058
Census tract,Tract 8345,17031834500,1765,-87.62536180,41.78603200,12.67,53958.0,116.0,83.46774193548387
Census tract,Tract 8346,17031834600,2357,-87.63430570,41.78724630,13.54,24835.999999999996,277.0,75.23602033405955
Census tract,Tract 8347,17031834700,1759,-87.64503340,41.79069030,13.44,36999.99999999999,152.0,75.8839528558477
Census tract,Tract 8348,17031834800,1753,-87.64508830,41.78363360,14.17,21635.999999999996,152.0,81.41891891891892
Census tract,Tract 8349,17031834900,1952,-87.65673610,41.77229860,12.92,20085.999999999996,171.0,70.30848329048844
Census tract,Tract 8350,17031835000,6398,-87.68604920,41.78284950,13.0,41906.99999999999,194.0,77.03112090333242
Census tract,Tract 8351,17031835100,5585,-87.68624790,41.79015790,15.29,46413.99999999999,202.0,75.56712532539977
Census tract,Tract 8352,17031835200,2038,-87.74528660,41.79664370,16.17,79000.0,98.0,82.17252396166134
Census tract,Tract 8355,17031835500,1584,-87.63253950,41.81635400,14.67,20669.0,167.0,82.07720588235294
Census tract,Tract 8356,17031835600,898,-87.63220160,41.80183450,14.08,14073.999999999998,132.0,58.83668903803133
Census tract,Tract 8358,17031835800,1698,-87.61871920,41.81304620,13.83,84500.0,186.0,96.0
Census tract,Tract 8360,17031836000,2338,-87.61168440,41.81400360,14.78,79485.0,161.0,92.93974437005478
Census tract,Tract 8361,17031836100,1893,-87.61868260,41.79980520,12.83,19644.999999999996,170.0,86.32148377125193
Census tract,Tract 8362,17031836200,2178,-87.60128490,41.79046930,14.0,,85.0,100.0
Census tract,Tract 8363,17031836300,1492,-87.60175850,41.80153240,10.92,50729.0,82.0,96.84729064039408
Census tract,Tract 8364,17031836400,3621,-87.59517610,41.81901180,13.67,27011.999999999996,227.0,91.8075911311537
Census tract,Tract 8365,17031836500,1527,-87.59945600,41.82594630,12.58,,98.0,85.32778355879293
Census tract,Tract 8366,17031836600,2929,-87.70880590,41.89869730,16.67,84667.0,248.0,85.39007092198581
Census tract,Tract 8367,17031836700,2481,-87.70217470,41.89170410,14.08,47438.99999999999,266.0,83.2436069986541
Census tract,Tract 8368,17031836800,2645,-87.71496660,41.88509030,13.42,22642.0,250.0,69.08866995073892
Census tract,Tract 8369,17031836900,1439,-87.70613620,41.88188310,12.42,43332.99999999999,95.0,91.5238954012624
Census tract,Tract 8370,17031837000,2042,-87.69867390,41.87832330,15.92,43951.0,205.0,91.42300194931774
Census tract,Tract 8371,17031837100,1652,-87.69872040,41.88567360,15.67,61350.99999999999,249.0,82.76810265811181
Census tract,Tract 8373,17031837300,2489,-87.70555240,41.87161910,15.25,22197.0,163.0,85.8108108108108
Census tract,Tract 8374,17031837400,1990,-87.69380130,41.87597450,14.67,45234.0,230.0,86.22754491017965
Census tract,Tract 8378,17031837800,2837,-87.68412720,41.88475040,17.5,34688.0,304.0,94.3954333160353
Census tract,Tract 8380,17031838000,2651,-87.68065210,41.87736660,14.83,,234.0,81.89258312020459
Census tract,Tract 8381,17031838100,1821,-87.67169280,41.87867000,15.83,,282.0,84.10880458124552
Census tract,Tract 8382,17031838200,1675,-87.67512600,41.87041490,15.92,105667.0,263.0,96.5934065934066
Census tract,Tract 8383,17031838300,2580,-87.63840390,41.90156650,16.92,104968.0,123.0,95.50885867325916
Census tract,Tract 8386,17031838600,1518,-87.70082360,41.86782330,13.75,14700.999999999998,113.0,75.02612330198536
Census tract,Tract 8387,17031838700,4132,-87.72018510,41.86257750,14.92,24073.999999999996,401.0,74.73728457335015
Census tract,Tract 8388,17031838800,3102,-87.57406110,41.68340420,11.83,24432.0,340.0,73.93364928909952
Census tract,Tract 8390,17031839000,10435,-87.63130780,41.87148630,17.21,95565.0,600.0,95.9513705700195
Census tract,Tract 8391,17031839100,8234,-87.63307030,41.88098570,18.17,139943.0,2226.0,95.22046449007068
Census tract,Tract 8392,17031839200,2749,-87.62203620,41.84201080,14.33,39132.99999999999,460.0,91.81916038751343
Census tract,Tract 8395,17031839500,1590,-87.61929190,41.83409750,12.67,55624.99999999999,77.0,86.94560669456067
Census tract,Tract 8396,17031839600,1729,-87.61924860,41.82744280,15.5,68880.0,181.0,77.24288840262582
Census tract,Tract 8397,17031839700,4545,-87.65194880,41.83365080,16.33,90149.0,76.0,88.79456706281834
Census tract,Tract 8398,17031839800,2686,-87.64316230,41.83506740,14.28,79642.99999999999,82.0,86.15
Census tract,Tract 8399,17031839900,4431,-87.64845400,41.82734590,14.3,89712.0,134.0,91.23682750970605
Census tract,Tract 8400,17031840000,3001,-87.63840530,41.83143690,14.67,87730.99999999999,44.0,83.01703163017031
Census tract,Tract 8401,17031840100,3029,-87.63920300,41.84183080,15.58,66981.0,60.0,82.91110087517272
Census tract,Tract 8402,17031840200,2497,-87.64920960,41.84464760,16.04,51770.99999999999,85.0,67.65067650676507
Census tract,Tract 8403,17031840300,4196,-87.68188130,41.83209700,15.33,74721.99999999999,95.0,74.03993855606758
Census tract,Tract 8404,17031840400,3369,-87.66716160,41.83392640,17.0,77768.0,223.0,79.97762863534675
Census tract,Tract 8407,17031840700,3900,-87.69426660,41.85293020,15.78,106249.99999999999,209.0,78.44495765973825
Census tract,Tract 8408,17031840800,3332,-87.70737100,41.84083290,13.5,47572.0,66.0,63.40402392604676
Census tract,Tract 8410,17031841000,1136,-87.61019830,41.84754440,16.83,105625.0,302.0,92.09445585215606
Census tract,Tract 8411,17031841100,7356,-87.63566120,41.85164380,18.21,43527.0,360.0,59.12663755458515
Census tract,Tract 8412,17031841200,4873,-87.68334200,41.85556180,15.0,62818.99999999999,218.0,62.660809538751174
Census tract,Tract 8413,17031841300,4173,-87.68420250,41.84397740,15.83,69327.0,145.0,83.0242966751918
Census tract,Tract 8415,17031841500,2904,-87.70791320,41.86162240,14.0,24706.0,202.0,75.68013190436933
Census tract,Tract 8417,17031841700,1509,-87.70418190,41.85313020,15.5,45854.0,52.0,73.13915857605178
Census tract,Tract 8418,17031841800,2404,-87.59942030,41.76630630,14.1,50963.99999999999,239.0,88.2108183079057
Census tract,Tract 8419,17031841900,6500,-87.64296480,41.86845780,18.83,136955.0,783.0,92.97045101088646
Census tract,Tract 8420,17031842000,2590,-87.62517020,41.83496000,14.67,135341.0,91.0,84.73980309423348
Census tract,Tract 8421,17031842100,6650,-87.73361030,41.89527850,11.89,60741.0,308.0,74.0232558139535
Census tract,Tract 8422,17031842200,4212,-87.64921990,41.90472790,17.14,95174.0,746.0,97.7542508822586
Census tract,Tract 8423,17031842300,3529,-87.66063980,41.90972360,19.08,173082.0,413.0,96.9327291739282
Census tract,Tract 8424,17031842400,3041,-87.63007060,41.74242580,14.0,100869.99999999999,655.0,98.19383259911896
Census tract,Tract 8425,17031842500,2644,-87.62321570,41.77695060,12.33,36954.99999999999,284.0,68.33696441539578
Census tract,Tract 8426,17031842600,4245,-87.65169510,41.81621860,13.88,91666.99999999999,313.0,86.54612319950965
Census tract,Tract 8428,17031842800,7637,-87.69830440,41.80753390,13.94,56667.0,289.0,67.67996108949417
Census tract,Tract 8429,17031842900,2480,-87.67293710,41.86313890,15.46,21521.0,349.0,85.29565672422815
Census tract,Tract 8430,17031843000,2880,-87.72274890,41.86793650,16.0,21726.0,331.0,84.98516320474778
Census tract,Tract 8431,17031843100,1747,-87.69945290,41.86260170,13.75,61648.0,156.0,85.22012578616352
Census tract,Tract 8432,17031843200,2422,-87.66421690,41.84871530,14.92,70525.0,177.0,90.33909149072296
Census tract,Tract 8433,17031843300,1572,-87.69255030,41.86376380,15.33,65278.0,145.0,79.54329210275928
Census tract,Tract 8434,17031843400,1524,-87.73202180,41.84932740,14.33,43021.0,188.0,82.45192307692307
Census tract,Tract 8435,17031843500,6030,-87.69756610,41.84098340,13.04,55832.99999999999,71.0,63.05380959681128
Census tract,Tract 8436,17031843600,3089,-87.60894880,41.80676530,14.58,71359.0,210.0,96.30856601987696
Census tract,Tract 8437,17031843700,2544,-87.69003400,41.94556040,17.67,134000.0,70.0,94.41860465116278
Census tract,Tract 8438,17031843800,2000,-87.64047560,41.80165660,13.92,57884.99999999999,94.0,81.02389078498294
Census tract,Tract 8439,17031843900,3666,-87.57613030,41.77899320,11.93,47759.99999999999,285.0,80.75651854572163
Census tract,Tract 8446,17031844600,1776,-87.62544370,41.81338520,12.25,56847.99999999999,120.0,90.28887523048556
Census tract,Tract 8447,17031844700,2342,-87.71170020,41.85414730,13.19,69583.0,148.0,83.76575240919199
Census tract,Tract 9800,17031980000,0,-87.90243760,41.97941910,10.04,,422.0,
Census tract,Tract 9801,17031980100,18,-87.75090010,41.78598130,5.33,,199.0,
Census tract,Tract 8400,17043840000,2835,-87.93440530,41.96865060,9.59,81931.99999999999,1.0,74.94918699186992
Census tract,Tract 8408.01,17043840801,2621,-87.93161770,41.95179610,11.03,80732.99999999999,,83.42189160467588
